timestamp_utc,price,rsi,bbl,bbh,vwap,adx,ema_200,ofi,signal,sl_distance
2026-05-28 12:25:02,73265.03,21.8,73264.98,73523.08,0.0035,73157.38,14.81,75022.64,0.5781,False,0,NEUTRAL,0.0033,"Tren Makro EMA 200 berlawanan (price=73265.0, ema200=75022.6)"
2026-05-28 12:30:00,73378.41,51.06,73267.25,73523.28,0.0035,73157.62,16.36,75007.39,0.0803,False,0,NEUTRAL,0.0036,Kondisi tidak terpenuhi
2026-05-28 12:35:00,73475.13,65.88,73264.18,73537.74,0.0037,73158.27,14.92,74992.15,-0.1466,False,0,NEUTRAL,0.0041,Kondisi tidak terpenuhi
2026-05-28 12:40:00,73486.5,67.71,73271.42,73553.39,0.0038,73158.94,12.96,74992.26,0.9419,False,0,NEUTRAL,0.0043,Kondisi tidak terpenuhi
2026-05-28 13:50:02,72902.12,31.2,72751.65,73727.86,0.0134,73203.93,31.04,74937.02,-0.5072,False,0,NEUTRAL (ADX>30),0.0053,ADX Terlalu Tinggi (31.0 > 30)
2026-05-28 13:55:00,72992.65,42.13,72701.91,73718.28,0.0139,73202.1,31.42,74937.93,0.6515,False,0,NEUTRAL (ADX>30),0.0058,ADX Terlalu Tinggi (31.4 > 30)
2026-05-28 14:00:00,73022.02,45.92,72671.19,73673.73,0.0137,73200.62,31.74,74938.22,0.7092,False,0,NEUTRAL (ADX>30),0.0055,ADX Terlalu Tinggi (31.7 > 30)
2026-05-28 14:05:00,72890.58,32.82,72629.41,73601.69,0.0133,73198.8,33.9,74898.97,-0.7397,False,0,NEUTRAL (ADX>30),0.0061,ADX Terlalu Tinggi (33.9 > 30)
2026-05-28 14:10:00,72868.46,31.24,72627.47,73475.16,0.0116,73194.34,37.46,74898.71,0.9627,False,0,NEUTRAL (ADX>30),0.007,ADX Terlalu Tinggi (37.5 > 30)
2026-05-28 14:15:00,73314.62,73.71,72673.56,73396.38,0.0099,73192.26,32.46,74871.75,-0.9997,False,0,NEUTRAL (ADX>30),0.0101,ADX Terlalu Tinggi (32.5 > 30)
2026-05-28 14:19:59,73479.57,79.92,72628.71,73472.82,0.0115,73194.75,30.5,74873.41,-0.9701,False,0,NEUTRAL (ADX>30),0.0104,ADX Terlalu Tinggi (30.5 > 30)
2026-05-28 14:24:59,73033.38,42.82,72623.47,73448.59,0.0113,73194.52,27.02,74868.97,-0.9996,False,0,NEUTRAL,0.0119,Kondisi tidak terpenuhi
2026-05-28 14:29:59,72965.07,39.06,72619.98,73439.31,0.0112,73193.13,25.02,74849.36,0.1493,False,0,NEUTRAL,0.0115,Kondisi tidak terpenuhi
2026-05-28 14:35:03,72932.21,42.72,72637.19,73486.25,0.0116,73162.25,25.45,74884.86,-0.9572,False,0,NEUTRAL,0.0088,Kondisi tidak terpenuhi
2026-05-28 14:39:59,72908.08,41.31,72651.69,73373.49,0.0099,73161.58,24.31,74884.61,-0.7521,False,0,NEUTRAL,0.0082,Kondisi tidak terpenuhi
2026-05-28 14:45:03,72855.8,39.13,72629.71,73376.36,0.0102,73155.71,23.4,74843.92,-0.1126,False,0,NEUTRAL,0.0089,Kondisi tidak terpenuhi
2026-05-28 14:49:59,72808.74,36.26,72613.35,73303.11,0.0095,73154.51,22.37,74843.45,0.4716,False,0,NEUTRAL,0.0087,Kondisi tidak terpenuhi
2026-05-28 14:55:00,72959.14,52.15,72618.73,73261.04,0.0088,73153.12,19.89,74844.95,0.8839,False,0,NEUTRAL,0.0087,Kondisi tidak terpenuhi
2026-05-28 14:59:59,73033.06,58.98,72627.84,73277.3,0.0089,73152.7,17.42,74827.65,-0.3266,False,0,NEUTRAL,0.008,Kondisi tidak terpenuhi
2026-05-28 15:04:59,73007.99,55.33,72663.07,73281.14,0.0085,73152.39,15.29,74809.54,-0.0068,False,0,NEUTRAL,0.0074,Kondisi tidak terpenuhi
2026-05-28 15:09:59,72995.86,53.18,72664.58,73283.11,0.0085,73152.16,14.78,74809.42,0.8872,False,0,NEUTRAL,0.0076,Kondisi tidak terpenuhi
2026-05-28 15:14:59,72861.93,33.64,72666.25,73282.7,0.0085,73151.78,12.83,74808.09,0.9222,False,0,NEUTRAL,0.0075,Kondisi tidak terpenuhi
2026-05-28 15:19:59,72762.75,24.49,72735.43,73093.89,0.0049,73151.04,12.49,74768.57,-0.9911,False,0,NEUTRAL,0.0072,"Tren Makro EMA 200 berlawanan (price=72762.8, ema200=74768.6)"
2026-05-28 15:24:59,72868.0,45.66,72728.86,73079.81,0.0048,73150.38,13.08,74769.61,-0.9435,False,0,NEUTRAL,0.0074,Kondisi tidak terpenuhi
2026-05-28 15:29:59,72968.35,59.75,72732.92,73091.97,0.0049,73150.12,12.18,74752.73,-0.8528,False,0,NEUTRAL,0.007,Kondisi tidak terpenuhi
2026-05-28 15:34:59,72861.03,43.34,72734.44,73091.8,0.0049,73149.76,11.75,74733.94,-0.8685,False,0,NEUTRAL,0.0069,Kondisi tidak terpenuhi
2026-05-28 15:39:59,72873.94,45.76,72753.31,73086.19,0.0046,73149.38,11.37,74734.04,0.5814,False,0,NEUTRAL,0.0064,Kondisi tidak terpenuhi
2026-05-28 15:44:59,73013.39,66.84,72750.58,73099.03,0.0048,73148.94,10.15,74735.35,0.6396,False,0,NEUTRAL,0.0063,Kondisi tidak terpenuhi
2026-05-28 15:49:59,72910.71,48.63,72754.04,73069.75,0.0043,73148.55,10.33,74700.1,0.6412,False,0,NEUTRAL,0.0064,Kondisi tidak terpenuhi
2026-05-28 15:54:59,72905.62,47.8,72758.11,73045.21,0.0039,73148.34,10.48,74700.18,0.4254,False,0,NEUTRAL,0.0059,Kondisi tidak terpenuhi
2026-05-28 15:59:59,72928.73,52.25,72764.28,73026.81,0.0036,73148.09,10.29,74700.51,-0.7509,False,0,NEUTRAL,0.0055,Kondisi tidak terpenuhi
2026-05-28 16:04:59,72786.15,30.08,72741.16,73034.77,0.004,73147.53,10.92,74664.01,-0.3829,False,0,NEUTRAL,0.0056,Kondisi tidak terpenuhi
2026-05-28 16:09:59,72905.14,53.09,72780.93,73021.76,0.0033,73147.12,12.36,74665.19,0.9095,False,0,NEUTRAL,0.0057,Kondisi tidak terpenuhi
2026-05-28 16:14:59,73109.55,73.29,72752.79,73098.21,0.0047,73146.77,14.34,74667.23,-0.8095,True,5,SHORT,0.0064,
2026-05-28 16:19:59,73143.24,75.64,72724.4,73161.06,0.006,73146.72,16.05,74636.72,-0.9716,False,4,SHORT,0.0061,
2026-05-28 16:24:59,73261.99,82.88,72697.98,73267.27,0.0078,73146.89,19.85,74637.9,0.9084,False,3,SHORT,0.0062,
2026-05-28 16:29:59,73150.02,60.01,72719.31,73301.15,0.008,73146.98,23.13,74636.78,0.9385,False,0,NEUTRAL,0.0062,Kondisi tidak terpenuhi
2026-05-28 16:34:59,73229.05,68.47,72712.02,73351.76,0.0087,73147.03,25.95,74608.08,0.7854,False,0,NEUTRAL,0.0058,Kondisi tidak terpenuhi
2026-05-28 16:39:59,73237.57,69.41,72735.8,73394.7,0.009,73147.14,28.98,74608.22,-0.8693,False,0,NEUTRAL,0.0055,Kondisi tidak terpenuhi
2026-05-28 16:44:59,73357.72,80.53,72756.59,73464.33,0.0096,73147.55,32.92,74609.41,-0.1119,False,0,NEUTRAL (ADX>30),0.0056,ADX Terlalu Tinggi (32.9 > 30)
2026-05-28 16:49:59,73312.94,67.99,72797.27,73499.48,0.0096,73148.06,37.18,74584.18,-0.4914,False,0,NEUTRAL (ADX>30),0.0055,ADX Terlalu Tinggi (37.2 > 30)
2026-05-28 16:54:59,73402.0,77.48,72928.64,73491.28,0.0077,73148.48,39.58,74585.07,-0.7209,False,0,NEUTRAL (ADX>30),0.0055,ADX Terlalu Tinggi (39.6 > 30)
2026-05-28 16:59:59,73440.67,80.84,73044.1,73484.19,0.006,73148.93,42.12,74574.06,0.3112,False,0,NEUTRAL (ADX>30),0.0051,ADX Terlalu Tinggi (42.1 > 30)
2026-05-28 17:04:59,73353.51,55.47,73090.52,73486.56,0.0054,73149.35,41.39,74561.92,-0.9123,False,0,NEUTRAL (ADX>30),0.0051,ADX Terlalu Tinggi (41.4 > 30)
2026-05-28 17:09:59,73478.0,69.03,73117.54,73528.69,0.0056,73149.9,41.52,74563.37,0.012,False,0,NEUTRAL (ADX>30),0.0054,ADX Terlalu Tinggi (41.5 > 30)
2026-05-28 17:14:59,73485.81,70.01,73123.27,73567.05,0.006,73150.35,41.63,74563.15,0.8676,False,0,NEUTRAL (ADX>30),0.0051,ADX Terlalu Tinggi (41.6 > 30)
2026-05-28 17:19:59,73470.05,65.12,73188.87,73565.46,0.0051,73150.67,39.88,74541.66,-0.1233,False,0,NEUTRAL (ADX>30),0.0049,ADX Terlalu Tinggi (39.9 > 30)
2026-05-28 17:24:59,73404.0,46.55,73237.33,73552.57,0.0043,73150.93,38.36,74541.01,-0.8799,False,0,NEUTRAL (ADX>30),0.0047,ADX Terlalu Tinggi (38.4 > 30)
2026-05-28 17:29:59,73364.0,40.7,73285.45,73527.53,0.0033,73151.18,33.98,74540.39,0.3436,False,0,NEUTRAL (ADX>30),0.0046,ADX Terlalu Tinggi (34.0 > 30)
2026-05-28 17:34:59,73488.35,64.21,73294.17,73544.72,0.0034,73151.4,31.56,74518.31,-0.0312,False,0,NEUTRAL (ADX>30),0.0048,ADX Terlalu Tinggi (31.6 > 30)
2026-05-28 17:39:59,73520.0,68.52,73324.53,73555.78,0.0031,73151.95,30.59,74518.65,0.501,False,0,NEUTRAL (ADX>30),0.0045,ADX Terlalu Tinggi (30.6 > 30)
2026-05-28 17:44:59,73470.91,54.63,73333.22,73560.86,0.0031,73152.29,30.29,74518.16,-0.6726,False,0,NEUTRAL (ADX>30),0.0043,ADX Terlalu Tinggi (30.3 > 30)
2026-05-28 17:49:59,73644.59,77.04,73301.25,73633.62,0.0045,73154.08,34.28,74499.15,0.1773,True,0,NEUTRAL (ADX>30),0.0051,ADX Terlalu Tinggi (34.3 > 30)
2026-05-28 17:54:59,73532.0,53.62,73335.04,73635.68,0.0041,73154.36,37.72,74498.04,-0.3764,False,0,NEUTRAL (ADX>30),0.0051,ADX Terlalu Tinggi (37.7 > 30)
2026-05-28 17:59:59,73554.82,57.2,73335.77,73648.11,0.0042,73155.98,38.99,74498.26,-0.8868,True,0,NEUTRAL (ADX>30),0.0049,ADX Terlalu Tinggi (39.0 > 30)
2026-05-28 18:04:59,73608.0,65.62,73333.25,73675.84,0.0047,73156.64,41.15,74480.1,-0.4064,False,0,NEUTRAL (ADX>30),0.0049,ADX Terlalu Tinggi (41.1 > 30)
2026-05-28 18:09:59,73692.29,75.86,73322.8,73730.74,0.0055,73157.38,44.48,74480.94,-0.51,False,0,NEUTRAL (ADX>30),0.005,ADX Terlalu Tinggi (44.5 > 30)
2026-05-28 18:14:59,73638.76,60.33,73354.68,73745.78,0.0053,73158.5,47.35,74480.41,0.7394,False,0,NEUTRAL (ADX>30),0.0048,ADX Terlalu Tinggi (47.3 > 30)
2026-05-28 18:19:59,73603.88,51.05,73432.67,73717.99,0.0039,73159.18,50.56,74463.4,0.4852,False,0,NEUTRAL (ADX>30),0.005,ADX Terlalu Tinggi (50.6 > 30)
2026-05-28 18:24:59,73636.0,58.96,73457.13,73723.27,0.0036,73159.62,53.12,74463.72,0.5892,False,0,NEUTRAL (ADX>30),0.0047,ADX Terlalu Tinggi (53.1 > 30)
2026-05-28 18:29:59,73588.87,44.58,73472.85,73721.32,0.0034,73159.97,54.36,74463.25,-0.0139,False,0,NEUTRAL (ADX>30),0.0044,ADX Terlalu Tinggi (54.4 > 30)
2026-05-28 18:34:59,73663.99,62.3,73520.7,73712.99,0.0026,73160.35,55.94,74446.77,-0.9976,False,0,NEUTRAL (ADX>30),0.0044,ADX Terlalu Tinggi (55.9 > 30)
2026-05-28 18:39:59,73595.96,44.78,73517.09,73706.87,0.0026,73160.77,57.3,74446.0,-0.9459,False,0,NEUTRAL (ADX>30),0.0042,ADX Terlalu Tinggi (57.3 > 30)
2026-05-28 18:44:59,73602.0,46.59,73540.18,73697.63,0.0021,73161.26,58.48,74446.06,-0.2061,False,0,NEUTRAL (ADX>30),0.0039,ADX Terlalu Tinggi (58.5 > 30)
2026-05-28 18:49:59,73613.31,50.61,73559.05,73690.64,0.0018,73161.83,59.93,74429.48,-0.9996,False,0,NEUTRAL (BB Squeeze),0.0037,BB Squeeze (width=0.0018 < 0.002)
2026-05-28 18:54:59,73672.01,67.12,73560.54,73702.19,0.0019,73162.18,62.04,74430.07,-0.9467,False,0,NEUTRAL (BB Squeeze),0.0036,BB Squeeze (width=0.0019 < 0.002)
2026-05-28 18:59:59,73652.88,58.39,73567.57,73687.28,0.0016,73162.72,64.56,74429.86,0.8296,False,0,NEUTRAL (BB Squeeze),0.0037,BB Squeeze (width=0.0016 < 0.002)
2026-05-28 19:04:59,73535.78,29.85,73533.66,73699.81,0.0023,73163.03,57.12,74413.23,0.9991,False,0,NEUTRAL (ADX>30),0.004,ADX Terlalu Tinggi (57.1 > 30)
2026-05-28 19:09:59,73500.01,24.86,73496.28,73716.41,0.003,73163.27,50.13,74412.95,0.1458,False,0,NEUTRAL (ADX>30),0.0039,ADX Terlalu Tinggi (50.1 > 30)
2026-05-28 19:14:59,73482.25,22.33,73459.7,73722.24,0.0036,73163.56,44.46,74412.77,0.4,False,0,NEUTRAL (ADX>30),0.0036,ADX Terlalu Tinggi (44.5 > 30)
2026-05-28 19:19:59,73489.99,26.75,73435.78,73726.38,0.004,73163.78,40.83,74394.42,0.3587,False,0,NEUTRAL (ADX>30),0.0035,ADX Terlalu Tinggi (40.8 > 30)
2026-05-28 19:24:59,73512.82,40.36,73428.3,73702.73,0.0037,73164.12,35.99,74394.65,0.831,False,0,NEUTRAL (ADX>30),0.0032,ADX Terlalu Tinggi (36.0 > 30)
2026-05-28 19:29:59,73559.99,61.11,73425.94,73697.29,0.0037,73164.35,32.42,74395.06,0.9587,False,0,NEUTRAL (ADX>30),0.0031,ADX Terlalu Tinggi (32.4 > 30)
2026-05-28 19:34:59,73475.44,33.37,73406.93,73690.99,0.0039,73164.69,30.89,74377.68,-0.4163,False,0,NEUTRAL (ADX>30),0.0033,ADX Terlalu Tinggi (30.9 > 30)
2026-05-28 19:39:59,73436.01,25.91,73381.42,73680.86,0.0041,73164.88,26.8,74377.29,-0.8295,False,0,NEUTRAL,0.0031,"Tren Makro EMA 200 berlawanan (price=73436.0, ema200=74377.3)"
2026-05-28 19:44:59,73434.69,25.65,73383.03,73631.54,0.0034,73165.13,23.28,74377.28,0.8339,False,0,NEUTRAL,0.0029,"Tren Makro EMA 200 berlawanan (price=73434.7, ema200=74377.3)"
2026-05-28 19:49:59,73502.22,56.33,73417.6,73566.85,0.002,73165.31,22.78,74359.29,-0.3442,False,0,NEUTRAL,0.0029,Kondisi tidak terpenuhi
2026-05-28 19:54:59,73464.95,43.0,73414.64,73556.43,0.0019,73166.05,19.81,74358.91,0.9897,True,0,NEUTRAL (BB Squeeze),0.0032,BB Squeeze (width=0.0019 < 0.002)
2026-05-28 19:59:59,73419.32,34.26,73393.97,73559.65,0.0023,73166.51,17.52,74358.33,-0.0896,True,0,NEUTRAL,0.0034,Kondisi tidak terpenuhi
2026-05-28 20:04:59,73360.82,24.13,73355.61,73573.73,0.003,73166.81,18.08,74339.15,0.6833,False,0,NEUTRAL,0.0036,"Tren Makro EMA 200 berlawanan (price=73360.8, ema200=74339.2)"
2026-05-28 20:09:59,73321.3,24.02,73306.04,73588.12,0.0038,73167.0,21.65,74338.62,0.3251,False,0,NEUTRAL,0.0038,"Tren Makro EMA 200 berlawanan (price=73321.3, ema200=74338.6)"
2026-05-28 20:14:59,73443.82,57.11,73306.47,73573.88,0.0036,73167.69,20.24,74339.98,0.592,True,0,NEUTRAL,0.0046,Kondisi tidak terpenuhi
2026-05-28 20:19:59,73570.0,73.45,73303.69,73578.67,0.0037,73167.95,19.97,74323.43,0.4214,False,3,SHORT,0.0047,
2026-05-28 20:24:59,73598.38,76.2,73285.62,73621.34,0.0046,73168.23,21.51,74323.77,-0.4178,False,4,SHORT,0.0045,
2026-05-28 20:29:59,73647.4,80.87,73269.68,73679.56,0.0056,73168.65,23.51,74324.26,0.8377,False,3,SHORT,0.0043,
2026-05-28 20:34:59,73626.1,72.47,73271.39,73716.13,0.006,73169.08,25.47,74310.65,-0.8985,False,0,NEUTRAL,0.004,Kondisi tidak terpenuhi
2026-05-28 20:39:59,73666.19,78.25,73263.57,73756.74,0.0067,73169.4,27.79,74311.05,0.4612,False,0,NEUTRAL,0.0039,Kondisi tidak terpenuhi
2026-05-28 20:44:59,73702.0,82.68,73263.53,73804.18,0.0073,73169.73,30.31,74311.4,-0.8202,False,0,NEUTRAL (ADX>30),0.0037,ADX Terlalu Tinggi (30.3 > 30)
2026-05-28 20:49:59,73682.56,71.87,73290.4,73831.27,0.0073,73170.08,30.48,74299.14,-0.7182,False,0,NEUTRAL (ADX>30),0.0035,ADX Terlalu Tinggi (30.5 > 30)
2026-05-28 20:54:59,73660.13,59.63,73352.71,73828.82,0.0065,73170.34,30.63,74298.92,0.1919,False,0,NEUTRAL (ADX>30),0.0033,ADX Terlalu Tinggi (30.6 > 30)
2026-05-28 20:59:59,73579.99,32.61,73470.78,73763.93,0.004,73170.64,26.86,74298.12,0.1458,False,0,NEUTRAL,0.0033,Kondisi tidak terpenuhi
2026-05-29 08:05:00,73667.11,61.86,73328.81,73932.51,0.0082,73527.97,30.05,74244.17,-0.9942,False,0,NEUTRAL (ADX>30),0.0039,ADX Terlalu Tinggi (30.1 > 30)
2026-05-29 08:09:57,73710.19,65.63,73330.29,73941.09,0.0083,73528.36,28.31,74244.58,-0.6914,False,0,NEUTRAL,0.004,Kondisi tidak terpenuhi
2026-05-29 08:14:57,73718.0,66.45,73330.79,73946.12,0.0083,73529.03,26.81,74244.65,-0.3939,False,0,NEUTRAL,0.0037,Kondisi tidak terpenuhi
2026-05-29 08:19:57,73704.06,62.79,73332.04,73935.43,0.0082,73529.46,25.84,74234.09,-0.2522,False,0,NEUTRAL,0.0034,Kondisi tidak terpenuhi
2026-05-29 08:24:57,73784.0,73.39,73328.61,73948.25,0.0084,73531.36,26.74,74234.91,-0.9175,False,0,NEUTRAL,0.0036,Kondisi tidak terpenuhi
2026-05-29 08:29:57,73787.98,73.91,73328.35,73949.01,0.0084,73533.68,27.69,74234.92,-0.6724,False,0,NEUTRAL,0.0034,Kondisi tidak terpenuhi
2026-05-29 08:34:57,73808.36,77.04,73323.88,73964.38,0.0087,73535.21,26.24,74226.27,0.575,False,0,NEUTRAL,0.0034,Kondisi tidak terpenuhi
2026-05-29 08:39:57,73807.8,76.69,73366.76,73988.41,0.0084,73535.82,25.4,74226.27,0.3232,False,0,NEUTRAL,0.0031,Kondisi tidak terpenuhi
2026-05-29 08:44:57,73818.37,79.08,73488.53,73957.45,0.0064,73537.03,23.59,74226.37,0.4173,False,0,NEUTRAL,0.003,Kondisi tidak terpenuhi
2026-05-29 08:49:57,73722.15,34.77,73648.01,73858.09,0.0028,73537.37,20.52,74217.34,-0.7016,False,0,NEUTRAL,0.0032,Kondisi tidak terpenuhi
2026-05-29 08:54:57,73703.41,30.27,73661.81,73851.35,0.0026,73537.71,19.0,74217.15,0.2133,False,0,NEUTRAL,0.003,Kondisi tidak terpenuhi
2026-05-29 08:59:57,73653.4,20.6,73639.41,73862.36,0.003,73537.88,19.42,74216.65,0.3751,False,0,NEUTRAL,0.003,"Tren Makro EMA 200 berlawanan (price=73653.4, ema200=74216.7)"
2026-05-29 09:04:57,73659.8,29.64,73624.29,73867.48,0.0033,73538.49,19.77,74205.73,-0.6092,False,0,NEUTRAL,0.0029,"Tren Makro EMA 200 berlawanan (price=73659.8, ema200=74205.7)"
2026-05-29 09:09:57,73755.99,61.63,73632.85,73869.31,0.0032,73539.14,17.44,74206.52,0.8478,False,0,NEUTRAL,0.003,Kondisi tidak terpenuhi
2026-05-29 09:14:57,73816.7,72.41,73630.71,73877.73,0.0033,73540.19,18.84,74207.12,0.286,False,3,SHORT,0.0033,
2026-05-29 09:19:57,73866.51,78.99,73621.27,73902.87,0.0038,73540.66,20.06,74199.89,-0.9929,False,4,SHORT,0.0031,
2026-05-29 09:24:57,73876.24,80.25,73613.24,73924.48,0.0042,73542.43,21.46,74199.99,0.9149,True,0,NEUTRAL,0.0029,PSO Filter (R1): Pisau Jatuh Bullish
2026-05-29 09:29:57,73887.03,81.88,73605.92,73947.65,0.0046,73543.71,23.48,74200.09,-0.9883,False,4,SHORT,0.0028,
2026-05-29 09:34:57,73848.0,58.2,73604.92,73954.57,0.0047,73544.13,23.99,74193.51,0.3102,False,0,NEUTRAL,0.0027,Kondisi tidak terpenuhi
2026-05-29 09:39:57,73856.62,61.16,73617.39,73969.12,0.0048,73544.97,23.39,74193.59,-0.0393,False,0,NEUTRAL,0.0026,Kondisi tidak terpenuhi
2026-05-29 09:44:57,73831.75,46.82,73640.38,73971.8,0.0045,73545.26,22.87,74193.34,0.1716,False,0,NEUTRAL,0.0024,Kondisi tidak terpenuhi
2026-05-29 09:49:57,73754.56,23.41,73681.44,73951.41,0.0037,73545.86,21.66,74185.46,-0.6871,False,0,NEUTRAL,0.0025,"Tren Makro EMA 200 berlawanan (price=73754.6, ema200=74185.5)"
2026-05-29 09:54:57,73748.21,22.18,73721.44,73927.45,0.0028,73546.33,21.39,74185.35,0.1485,False,0,NEUTRAL,0.0022,"Tren Makro EMA 200 berlawanan (price=73748.2, ema200=74185.4)"
2026-05-29 09:59:57,73744.96,21.4,73717.08,73929.6,0.0029,73546.56,22.11,74185.32,-0.607,False,0,NEUTRAL,0.0021,"Tren Makro EMA 200 berlawanan (price=73745.0, ema200=74185.3)"
2026-05-29 10:04:57,73681.47,11.05,73672.05,73947.58,0.0037,73546.75,24.37,74175.97,-0.7306,False,0,NEUTRAL,0.0022,"Tren Makro EMA 200 berlawanan (price=73681.5, ema200=74176.0)"
2026-05-29 10:09:57,73676.9,10.53,73637.65,73944.19,0.0042,73547.11,26.49,74175.94,-0.9598,False,0,NEUTRAL,0.0021,"Tren Makro EMA 200 berlawanan (price=73676.9, ema200=74175.9)"
2026-05-29 10:14:57,73703.86,34.35,73624.13,73923.23,0.0041,73547.28,28.33,74176.19,0.2697,False,0,NEUTRAL,0.002,Kondisi tidak terpenuhi
2026-05-29 10:19:57,73658.15,21.28,73608.07,73893.52,0.0039,73547.5,31.3,74166.38,0.9928,False,0,NEUTRAL (ADX>30),0.0021,ADX Terlalu Tinggi (31.3 > 30)
2026-05-29 10:24:59,73651.9,19.87,73593.74,73868.62,0.0037,73547.72,34.8,74166.32,0.9112,False,0,NEUTRAL (ADX>30),0.0021,ADX Terlalu Tinggi (34.8 > 30)
2026-05-29 10:29:57,73624.03,14.18,73586.44,73829.28,0.0033,73547.84,37.88,74166.04,0.3588,False,0,NEUTRAL (ADX>30),0.002,ADX Terlalu Tinggi (37.9 > 30)
2026-05-29 10:34:57,73624.03,14.19,73590.03,73784.15,0.0026,73547.96,41.64,74155.31,-0.1382,False,0,NEUTRAL (ADX>30),0.002,ADX Terlalu Tinggi (41.6 > 30)
2026-05-29 10:39:57,73702.98,65.88,73595.91,73767.13,0.0023,73548.96,37.45,74156.06,0.851,True,0,NEUTRAL (ADX>30),0.0024,ADX Terlalu Tinggi (37.4 > 30)
2026-05-29 10:44:57,73618.21,35.12,73588.59,73748.6,0.0022,73549.7,33.5,74155.27,-0.9964,True,0,NEUTRAL (ADX>30),0.0025,ADX Terlalu Tinggi (33.5 > 30)
2026-05-29 10:49:57,73651.47,48.04,73598.41,73720.08,0.0017,73549.91,28.93,74144.97,-0.9848,False,0,NEUTRAL (BB Squeeze),0.0025,BB Squeeze (width=0.0017 < 0.002)
2026-05-29 10:54:57,73654.0,49.05,73597.61,73715.46,0.0016,73550.15,25.49,74145.0,-0.9985,False,0,NEUTRAL (BB Squeeze),0.0022,BB Squeeze (width=0.0016 < 0.002)
2026-05-29 11:00:00,73634.64,48.77,73510.08,73843.13,0.0045,73559.71,14.33,74171.34,0.4504,False,0,NEUTRAL,0.0026,Kondisi tidak terpenuhi
2026-05-29 11:04:57,73638.93,50.08,73529.52,73784.83,0.0035,73559.78,13.06,74166.04,0.8309,False,0,NEUTRAL,0.0025,Kondisi tidak terpenuhi
2026-05-29 11:09:57,73627.22,45.73,73561.75,73716.92,0.0021,73559.86,12.33,74165.93,0.8655,False,0,NEUTRAL,0.0024,Kondisi tidak terpenuhi
2026-05-29 11:14:57,73652.81,56.88,73573.74,73692.51,0.0016,73560.15,12.61,74161.07,0.4177,False,0,NEUTRAL (BB Squeeze),0.0024,BB Squeeze (width=0.0016 < 0.002)
2026-05-29 11:19:57,73666.01,62.32,73579.41,73684.79,0.0014,73560.22,12.85,74156.15,0.9774,False,0,NEUTRAL (BB Squeeze),0.0021,BB Squeeze (width=0.0014 < 0.002)
2026-05-29 11:24:57,73686.0,70.1,73575.07,73695.17,0.0016,73560.45,14.32,74156.35,0.996,False,0,NEUTRAL (BB Squeeze),0.0021,BB Squeeze (width=0.0016 < 0.002)
2026-05-29 11:29:57,73571.64,26.89,73558.68,73701.48,0.0019,73560.49,13.29,74149.4,0.9751,False,0,NEUTRAL (BB Squeeze),0.0025,BB Squeeze (width=0.0019 < 0.002)
2026-05-29 11:34:56,73592.64,36.88,73557.58,73701.86,0.002,73560.52,13.76,74143.86,0.772,False,0,NEUTRAL (BB Squeeze),0.0025,BB Squeeze (width=0.0020 < 0.002)
2026-05-29 11:39:56,73503.05,20.81,73515.27,73720.91,0.0028,73560.46,15.1,74142.97,0.6204,False,0,NEUTRAL,0.0027,PSO Filter (R1): BB Expansion Bearish
2026-05-29 11:44:56,73491.64,19.35,73477.11,73735.47,0.0035,73560.29,16.76,74136.38,-0.9977,False,0,NEUTRAL,0.0026,"Tren Makro EMA 200 berlawanan (price=73491.6, ema200=74136.4)"
2026-05-29 11:49:56,73455.72,14.88,73431.72,73745.07,0.0043,73560.08,19.31,74129.6,0.2728,False,0,NEUTRAL,0.0026,"Tren Makro EMA 200 berlawanan (price=73455.7, ema200=74129.6)"
2026-05-29 11:54:56,73424.88,11.71,73385.88,73748.1,0.0049,73559.51,24.4,74129.3,-0.6776,True,0,NEUTRAL,0.003,"Tren Makro EMA 200 berlawanan (price=73424.9, ema200=74129.3)"
2026-05-29 11:59:56,73487.98,44.56,73371.17,73734.96,0.005,73558.93,27.7,74123.54,0.3413,True,0,NEUTRAL,0.003,Kondisi tidak terpenuhi
2026-05-29 12:04:56,73427.74,30.04,73347.87,73713.25,0.005,73558.68,30.83,74116.61,-0.8804,False,0,NEUTRAL (ADX>30),0.0031,ADX Terlalu Tinggi (30.8 > 30)
2026-05-29 12:09:56,73382.7,22.56,73324.82,73679.64,0.0048,73558.42,34.27,74116.17,0.2351,False,0,NEUTRAL (ADX>30),0.003,ADX Terlalu Tinggi (34.3 > 30)
2026-05-29 12:14:56,73367.24,20.21,73326.65,73614.06,0.0039,73557.99,37.88,74108.56,0.2917,False,0,NEUTRAL (ADX>30),0.0028,ADX Terlalu Tinggi (37.9 > 30)
2026-05-29 12:19:56,73392.01,34.99,73319.89,73584.89,0.0036,73557.63,38.96,74101.43,-0.3855,False,0,NEUTRAL (ADX>30),0.0029,ADX Terlalu Tinggi (39.0 > 30)
2026-05-29 12:24:56,73322.63,20.51,73309.23,73541.89,0.0032,73557.17,40.12,74100.74,0.2702,False,0,NEUTRAL (ADX>30),0.0029,ADX Terlalu Tinggi (40.1 > 30)
2026-05-29 12:29:56,73326.8,23.11,73290.45,73525.42,0.0032,73556.92,41.32,74093.08,0.9965,False,0,NEUTRAL (ADX>30),0.0026,ADX Terlalu Tinggi (41.3 > 30)
2026-05-29 12:34:56,73287.71,16.3,73264.3,73510.78,0.0034,73555.74,44.41,74085.07,0.1002,True,0,NEUTRAL (ADX>30),0.0028,ADX Terlalu Tinggi (44.4 > 30)
2026-05-29 12:39:56,73252.25,11.95,73228.65,73505.74,0.0038,73555.27,47.31,74084.72,-0.9695,False,0,NEUTRAL (ADX>30),0.0029,ADX Terlalu Tinggi (47.3 > 30)
2026-05-29 12:44:56,73277.32,29.94,73210.04,73494.84,0.0039,73554.74,49.84,74076.93,0.6642,False,0,NEUTRAL (ADX>30),0.0027,ADX Terlalu Tinggi (49.8 > 30)
2026-05-29 12:49:56,73245.85,22.19,73206.34,73450.11,0.0033,73554.07,52.72,74068.66,0.6863,False,0,NEUTRAL (ADX>30),0.0029,ADX Terlalu Tinggi (52.7 > 30)
2026-05-29 12:54:56,73325.14,58.8,73216.71,73419.15,0.0028,73552.95,47.2,74069.45,0.9174,True,0,NEUTRAL (ADX>30),0.0032,ADX Terlalu Tinggi (47.2 > 30)
2026-05-29 12:59:56,73295.73,47.53,73217.76,73400.71,0.0025,73552.47,42.44,74061.46,-0.3587,False,0,NEUTRAL (ADX>30),0.003,ADX Terlalu Tinggi (42.4 > 30)
2026-05-29 13:04:56,73242.31,32.25,73206.29,73387.19,0.0025,73551.59,42.08,74053.31,0.2884,False,0,NEUTRAL (ADX>30),0.0032,ADX Terlalu Tinggi (42.1 > 30)
2026-05-29 13:09:56,73212.58,25.86,73201.98,73355.86,0.0021,73549.92,42.83,74053.01,-0.9988,True,0,NEUTRAL (ADX>30),0.0032,ADX Terlalu Tinggi (42.8 > 30)
2026-05-29 13:14:56,73125.27,18.66,73140.12,73377.17,0.0032,73548.05,45.35,74042.82,0.4098,True,0,NEUTRAL (ADX>30),0.0035,ADX Terlalu Tinggi (45.3 > 30)
2026-05-29 13:19:56,73111.92,17.26,73098.54,73375.77,0.0038,73547.1,47.52,74033.55,0.6679,False,0,NEUTRAL (ADX>30),0.0032,ADX Terlalu Tinggi (47.5 > 30)
2026-05-29 13:24:56,73030.98,12.46,73027.99,73394.55,0.005,73544.45,51.05,74032.7,0.9709,True,0,NEUTRAL (ADX>30),0.0034,ADX Terlalu Tinggi (51.0 > 30)
2026-05-29 13:29:56,73069.76,29.39,72993.24,73392.8,0.0055,73542.04,54.43,74023.55,-0.2478,False,0,NEUTRAL (ADX>30),0.0036,ADX Terlalu Tinggi (54.4 > 30)
2026-05-29 13:34:56,72926.0,14.85,72910.04,73405.99,0.0068,73538.31,58.07,74012.63,-0.9703,True,0,NEUTRAL (ADX>30),0.004,ADX Terlalu Tinggi (58.1 > 30)
2026-05-29 13:39:56,73218.3,64.11,72910.84,73398.65,0.0067,73535.47,50.29,74015.53,0.0615,True,0,NEUTRAL (ADX>30),0.0057,ADX Terlalu Tinggi (50.3 > 30)
2026-05-29 13:44:56,73261.99,68.0,72920.96,73374.96,0.0062,73534.1,43.52,74008.37,0.9934,False,0,NEUTRAL (ADX>30),0.0057,ADX Terlalu Tinggi (43.5 > 30)
2026-05-29 13:49:56,73216.22,59.19,72930.18,73349.85,0.0057,73532.91,39.94,74000.49,0.1967,False,0,NEUTRAL (ADX>30),0.0057,ADX Terlalu Tinggi (39.9 > 30)
2026-05-29 13:54:56,73113.14,42.37,72929.04,73325.15,0.0054,73530.57,36.19,73999.46,0.9797,False,0,NEUTRAL (ADX>30),0.0058,ADX Terlalu Tinggi (36.2 > 30)
2026-05-29 13:59:56,73135.7,47.08,72929.75,73308.15,0.0052,73529.34,32.5,73999.62,0.9492,False,0,NEUTRAL (ADX>30),0.0057,ADX Terlalu Tinggi (32.5 > 30)
2026-05-29 14:04:56,73169.62,54.34,72932.19,73315.66,0.0052,73527.64,29.58,73982.85,-0.1582,False,0,NEUTRAL,0.0054,Kondisi tidak terpenuhi
2026-05-29 14:09:56,72958.99,25.16,72891.46,73325.81,0.006,73525.05,31.34,73980.72,-0.8942,False,0,NEUTRAL (ADX>30),0.0063,ADX Terlalu Tinggi (31.3 > 30)
2026-05-29 14:14:56,73013.79,37.12,72887.45,73326.82,0.006,73522.58,32.86,73971.67,-0.7618,False,0,NEUTRAL (ADX>30),0.006,ADX Terlalu Tinggi (32.9 > 30)
2026-05-29 14:19:56,72796.0,19.89,72788.24,73371.47,0.008,73517.01,36.28,73959.97,-0.8624,True,0,NEUTRAL (ADX>30),0.007,ADX Terlalu Tinggi (36.3 > 30)
2026-05-29 14:24:56,72686.15,15.07,72685.3,73426.61,0.0102,73511.37,39.89,73958.92,-0.1951,False,0,NEUTRAL (ADX>30),0.007,ADX Terlalu Tinggi (39.9 > 30)
2026-05-29 14:29:56,72722.64,24.59,72604.24,73410.51,0.0111,73499.16,44.33,73959.34,-0.2809,True,0,NEUTRAL (ADX>30),0.0074,ADX Terlalu Tinggi (44.3 > 30)
2026-05-29 14:34:56,72839.39,46.35,72590.36,73340.86,0.0103,73495.83,43.98,73936.01,0.9561,False,0,NEUTRAL (ADX>30),0.0077,ADX Terlalu Tinggi (44.0 > 30)
2026-05-29 14:39:56,72696.66,31.24,72549.44,73278.51,0.01,73493.22,43.59,73934.59,-0.9913,False,0,NEUTRAL (ADX>30),0.0077,ADX Terlalu Tinggi (43.6 > 30)
2026-05-29 14:44:56,72648.68,27.31,72497.63,73237.36,0.0102,73487.39,44.8,73921.32,0.7674,False,0,NEUTRAL (ADX>30),0.0077,ADX Terlalu Tinggi (44.8 > 30)
2026-05-29 14:49:56,72749.15,46.76,72502.98,73156.26,0.009,73480.87,44.49,73909.65,-0.9228,False,0,NEUTRAL (ADX>30),0.0077,ADX Terlalu Tinggi (44.5 > 30)
2026-05-29 14:54:56,72925.37,66.91,72561.54,73048.85,0.0067,73473.87,39.93,73911.41,0.5384,True,0,NEUTRAL (ADX>30),0.0087,ADX Terlalu Tinggi (39.9 > 30)
2026-05-29 14:59:56,73096.85,77.96,72528.43,73109.53,0.0079,73470.5,37.07,73904.99,-0.6508,False,0,NEUTRAL (ADX>30),0.0091,ADX Terlalu Tinggi (37.1 > 30)
2026-05-29 15:04:56,73313.95,86.02,72439.89,73257.82,0.0112,73469.1,36.29,73899.11,0.6285,False,0,NEUTRAL (ADX>30),0.0095,ADX Terlalu Tinggi (36.3 > 30)
2026-05-29 15:09:56,73663.04,92.23,72292.3,73578.62,0.0175,73470.92,39.01,73902.58,0.9077,True,0,NEUTRAL (ADX>30),0.0105,ADX Terlalu Tinggi (39.0 > 30)
2026-05-29 15:14:56,73695.75,92.07,72268.54,73804.21,0.0208,73472.36,41.65,73902.94,-0.7222,False,0,NEUTRAL (ADX>30),0.0097,ADX Terlalu Tinggi (41.7 > 30)
2026-05-29 15:19:56,73637.48,81.6,72310.94,73943.85,0.0222,73473.99,41.3,73898.26,0.6378,False,0,NEUTRAL (ADX>30),0.0096,ADX Terlalu Tinggi (41.3 > 30)
2026-05-29 15:24:56,73602.0,74.57,72365.79,74041.52,0.0228,73474.41,41.0,73897.91,-0.9093,False,0,NEUTRAL (ADX>30),0.0089,ADX Terlalu Tinggi (41.0 > 30)
2026-05-29 15:29:56,73670.0,77.27,72495.73,74106.69,0.0219,73475.64,41.9,73898.69,-0.6232,False,0,NEUTRAL (ADX>30),0.0092,ADX Terlalu Tinggi (41.9 > 30)
2026-05-29 15:34:56,74045.87,88.33,72651.73,74231.49,0.0213,73481.54,45.01,73898.03,0.588,False,0,NEUTRAL (ADX>30),0.0103,ADX Terlalu Tinggi (45.0 > 30)
2026-05-29 15:39:56,74110.93,89.65,72845.47,74309.22,0.0198,73487.59,48.17,73898.55,-0.5577,False,0,NEUTRAL (ADX>30),0.0101,ADX Terlalu Tinggi (48.2 > 30)
2026-05-29 15:44:56,73825.99,53.52,73077.04,74257.78,0.016,73492.63,45.87,73895.71,-0.9687,False,0,NEUTRAL (ADX>30),0.0113,ADX Terlalu Tinggi (45.9 > 30)
2026-05-29 15:49:56,73868.57,57.04,73293.56,74195.61,0.0122,73494.19,43.84,73894.76,0.1024,False,0,NEUTRAL (ADX>30),0.0105,ADX Terlalu Tinggi (43.8 > 30)
2026-05-29 15:54:56,73768.0,45.76,73449.53,74131.49,0.0092,73494.79,41.52,73893.76,-0.9484,False,0,NEUTRAL (ADX>30),0.01,ADX Terlalu Tinggi (41.5 > 30)
2026-05-29 15:59:56,73808.26,50.87,73475.58,74134.91,0.0089,73495.46,39.52,73893.34,0.1237,False,0,NEUTRAL (ADX>30),0.0093,ADX Terlalu Tinggi (39.5 > 30)
2026-05-29 16:04:56,73870.03,58.94,73499.54,74145.46,0.0087,73496.65,37.98,73893.11,-0.7093,False,0,NEUTRAL (ADX>30),0.0085,ADX Terlalu Tinggi (38.0 > 30)
2026-05-29 16:09:56,73900.01,63.01,73549.52,74147.75,0.0081,73497.78,37.33,73893.39,-0.1072,False,0,NEUTRAL (ADX>30),0.0079,ADX Terlalu Tinggi (37.3 > 30)
2026-05-29 16:14:56,73953.9,70.15,73632.22,74135.44,0.0068,73500.52,38.22,73893.95,-0.16,False,0,NEUTRAL (ADX>30),0.0075,ADX Terlalu Tinggi (38.2 > 30)
2026-05-29 16:19:56,73742.0,34.4,73660.99,74120.72,0.0062,73501.87,34.31,73893.1,-0.8872,False,0,NEUTRAL (ADX>30),0.0078,ADX Terlalu Tinggi (34.3 > 30)
2026-05-29 16:24:56,73632.66,25.76,73598.29,74099.22,0.0068,73502.92,30.48,73891.91,-0.2912,False,0,NEUTRAL (ADX>30),0.0076,ADX Terlalu Tinggi (30.5 > 30)
2026-05-29 16:29:56,73649.23,29.52,73598.68,74006.48,0.0055,73503.34,28.37,73889.69,-0.8981,False,0,NEUTRAL,0.0071,"Tren Makro EMA 200 berlawanan (price=73649.2, ema200=73889.7)"
2026-05-29 16:34:56,74068.97,74.35,73564.7,74089.06,0.0071,73506.39,28.81,73891.47,-0.8167,True,0,NEUTRAL,0.0085,PSO Filter (R1): Pisau Jatuh Bullish
2026-05-29 16:39:56,73985.55,63.4,73559.11,74118.24,0.0076,73510.13,29.36,73890.66,-0.8587,True,0,NEUTRAL,0.0083,Kondisi tidak terpenuhi
2026-05-29 16:44:56,74065.0,69.25,73561.05,74174.94,0.0083,73511.74,29.96,73893.16,0.7178,False,0,NEUTRAL,0.0077,Kondisi tidak terpenuhi
2026-05-29 16:49:56,74040.01,64.81,73569.94,74211.98,0.0087,73513.59,30.36,73894.62,-0.1733,False,0,NEUTRAL (ADX>30),0.0072,ADX Terlalu Tinggi (30.4 > 30)
2026-05-29 16:54:56,74048.31,65.8,73574.18,74243.38,0.009,73515.95,29.01,73894.7,-0.8134,False,0,NEUTRAL,0.0069,Kondisi tidak terpenuhi
2026-05-29 16:59:56,74056.5,66.41,73577.96,74271.47,0.0094,73518.86,29.02,73894.82,-0.9268,False,0,NEUTRAL,0.0069,Kondisi tidak terpenuhi
2026-05-29 17:04:56,73945.51,40.22,73577.37,74270.37,0.0094,73520.37,28.61,73896.91,0.2063,False,0,NEUTRAL,0.007,Kondisi tidak terpenuhi
2026-05-29 17:09:56,74130.0,68.41,73618.27,74306.34,0.0093,73524.39,27.53,73898.75,0.5152,False,0,NEUTRAL,0.0073,Kondisi tidak terpenuhi
2026-05-29 17:14:56,74257.7,78.12,73720.88,74329.0,0.0082,73547.91,30.84,73905.54,-0.6457,True,0,NEUTRAL (ADX>30),0.0078,ADX Terlalu Tinggi (30.8 > 30)
2026-05-29 17:19:56,74227.58,70.77,73891.36,74275.15,0.0052,73582.35,34.59,73905.24,-0.998,True,0,NEUTRAL (ADX>30),0.0086,ADX Terlalu Tinggi (34.6 > 30)
2026-05-29 17:24:56,74290.0,76.66,73875.84,74334.87,0.0062,73603.47,37.96,73905.86,0.9764,True,0,NEUTRAL (ADX>30),0.0091,ADX Terlalu Tinggi (38.0 > 30)
2026-05-29 17:29:56,74228.02,60.25,73904.53,74354.48,0.0061,73604.62,39.73,73909.75,0.9303,False,0,NEUTRAL (ADX>30),0.0085,ADX Terlalu Tinggi (39.7 > 30)
2026-05-29 17:34:56,74279.54,68.0,73913.46,74388.45,0.0064,73606.24,41.66,73910.26,-0.9334,False,0,NEUTRAL (ADX>30),0.0078,ADX Terlalu Tinggi (41.7 > 30)
2026-05-29 17:39:56,74303.71,71.54,73936.25,74418.4,0.0065,73608.2,42.84,73910.5,-0.019,False,0,NEUTRAL (ADX>30),0.0073,ADX Terlalu Tinggi (42.8 > 30)
2026-05-29 17:44:56,74213.79,45.85,73969.12,74418.63,0.0061,73609.44,43.61,73911.65,-0.4381,False,0,NEUTRAL (ADX>30),0.0069,ADX Terlalu Tinggi (43.6 > 30)
2026-05-29 17:49:56,74044.92,23.9,73964.32,74420.79,0.0062,73610.7,38.06,73912.12,-0.9865,False,0,NEUTRAL (ADX>30),0.0069,ADX Terlalu Tinggi (38.1 > 30)
2026-05-29 17:54:56,73982.62,19.27,73984.39,74408.14,0.0057,73611.41,34.86,73911.5,-0.9935,False,0,NEUTRAL (ADX>30),0.0065,ADX Terlalu Tinggi (34.9 > 30)
2026-05-29 17:59:56,73980.94,21.6,73931.24,74430.64,0.0068,73611.89,33.41,73911.4,0.9983,False,0,NEUTRAL (ADX>30),0.0061,ADX Terlalu Tinggi (33.4 > 30)
2026-05-29 18:04:56,73996.0,28.29,73888.39,74421.61,0.0072,73612.65,31.23,73910.92,0.003,False,0,NEUTRAL (ADX>30),0.0057,ADX Terlalu Tinggi (31.2 > 30)
2026-05-29 18:09:56,74043.03,44.85,73867.14,74405.0,0.0073,73613.21,28.22,73911.39,0.3772,False,0,NEUTRAL,0.0056,Kondisi tidak terpenuhi
2026-05-29 18:14:56,74038.0,44.2,73857.75,74363.38,0.0068,73613.73,25.49,73911.31,0.9965,False,0,NEUTRAL,0.0051,Kondisi tidak terpenuhi
2026-05-29 18:19:55,73908.01,21.51,73811.98,74345.16,0.0072,73614.81,26.93,73910.33,-0.9908,True,0,NEUTRAL,0.0053,Kondisi tidak terpenuhi
2026-05-29 18:24:55,73850.67,16.44,73774.55,74296.81,0.0071,73615.45,29.52,73909.76,-0.1026,False,0,NEUTRAL,0.0052,Kondisi tidak terpenuhi
2026-05-29 18:29:56,73790.36,12.3,73755.91,74212.78,0.0062,73616.62,32.96,73906.62,0.1221,True,0,NEUTRAL (ADX>30),0.0054,ADX Terlalu Tinggi (33.0 > 30)
2026-05-29 18:34:55,73833.5,29.59,73763.26,74129.37,0.005,73616.91,35.93,73904.81,0.0079,False,0,NEUTRAL (ADX>30),0.005,ADX Terlalu Tinggi (35.9 > 30)
2026-05-29 18:39:55,73840.42,32.58,73746.0,74105.78,0.0049,73617.22,37.49,73904.88,-0.9956,False,0,NEUTRAL (ADX>30),0.0048,ADX Terlalu Tinggi (37.5 > 30)
2026-05-29 18:44:55,73796.4,24.05,73715.94,74098.59,0.0052,73617.59,38.83,73902.3,0.3584,False,0,NEUTRAL (ADX>30),0.0045,ADX Terlalu Tinggi (38.8 > 30)
2026-05-29 18:49:55,73566.78,8.41,73590.04,74142.5,0.0075,73617.69,43.3,73897.77,-0.7223,True,0,NEUTRAL (ADX>30),0.0052,ADX Terlalu Tinggi (43.3 > 30)
2026-05-29 18:55:00,73337.33,4.45,73392.43,74208.82,0.0111,73613.72,49.04,73895.49,-0.6646,True,0,NEUTRAL (ADX>30),0.0068,ADX Terlalu Tinggi (49.0 > 30)
2026-05-29 19:00:00,73374.52,13.39,73287.11,74180.44,0.0122,73613.09,53.98,73883.23,0.578,False,0,NEUTRAL (ADX>30),0.0064,ADX Terlalu Tinggi (54.0 > 30)
2026-05-29 19:05:00,73463.18,34.05,73251.54,74099.95,0.0115,73612.64,55.56,73884.11,-0.5954,False,0,NEUTRAL (ADX>30),0.0065,ADX Terlalu Tinggi (55.6 > 30)
2026-05-29 19:10:00,73470.46,35.71,73223.44,74040.54,0.0111,73612.52,55.39,73884.18,0.3821,False,0,NEUTRAL (ADX>30),0.006,ADX Terlalu Tinggi (55.4 > 30)
2026-05-29 19:15:00,73428.0,29.76,73193.77,73985.67,0.0108,73612.33,55.46,73872.82,0.0934,False,0,NEUTRAL (ADX>30),0.0055,ADX Terlalu Tinggi (55.5 > 30)
2026-05-29 19:20:00,73294.22,17.36,73132.39,73947.83,0.0111,73614.15,57.26,73871.48,0.509,False,0,NEUTRAL (ADX>30),0.0059,ADX Terlalu Tinggi (57.3 > 30)
2026-05-29 19:25:00,73322.53,26.22,73116.28,73861.75,0.0102,73617.29,58.81,73871.77,0.9341,False,0,NEUTRAL (ADX>30),0.0054,ADX Terlalu Tinggi (58.8 > 30)
2026-05-29 19:30:00,73332.99,29.99,73144.54,73731.94,0.008,73626.16,59.51,73858.77,-0.0542,False,0,NEUTRAL (ADX>30),0.0049,ADX Terlalu Tinggi (59.5 > 30)
2026-05-29 19:35:00,73564.01,72.41,73223.6,73606.41,0.0052,73628.16,52.6,73861.07,0.7317,False,0,NEUTRAL (ADX>30),0.0056,ADX Terlalu Tinggi (52.6 > 30)
2026-05-29 19:40:00,73695.59,81.23,73184.19,73671.58,0.0066,73629.64,47.27,73862.38,0.9947,False,0,NEUTRAL (ADX>30),0.0057,ADX Terlalu Tinggi (47.3 > 30)
2026-05-29 19:45:00,73682.93,77.96,73181.37,73742.62,0.0076,73631.1,42.76,73856.8,0.5164,False,0,NEUTRAL (ADX>30),0.0053,ADX Terlalu Tinggi (42.8 > 30)
2026-05-29 19:50:00,73666.49,72.79,73191.95,73790.44,0.0081,73633.76,38.28,73856.64,0.2727,False,0,NEUTRAL (ADX>30),0.005,ADX Terlalu Tinggi (38.3 > 30)
2026-05-29 19:55:00,73592.95,51.77,73200.83,73809.48,0.0083,73635.58,33.05,73855.91,-0.9906,False,0,NEUTRAL (ADX>30),0.0047,ADX Terlalu Tinggi (33.0 > 30)
2026-05-29 20:00:00,73520.28,37.35,73206.65,73813.62,0.0083,73638.44,30.45,73846.91,-0.8537,False,0,NEUTRAL (ADX>30),0.0047,ADX Terlalu Tinggi (30.5 > 30)
2026-05-29 20:05:00,73562.12,48.58,73224.14,73822.94,0.0081,73646.58,28.29,73847.32,0.9974,False,0,NEUTRAL,0.0044,Kondisi tidak terpenuhi
2026-05-29 20:10:00,73648.33,65.33,73296.64,73821.54,0.0071,73649.6,25.1,73848.18,-0.9092,False,0,NEUTRAL,0.0044,Kondisi tidak terpenuhi
2026-05-29 20:15:00,73657.98,66.97,73381.23,73804.05,0.0057,73652.65,22.9,73842.03,-0.9901,False,0,NEUTRAL,0.0041,Kondisi tidak terpenuhi
2026-05-29 20:20:00,73653.85,65.17,73508.31,73741.13,0.0032,73653.91,19.97,73841.99,-0.0028,False,0,NEUTRAL,0.0039,Kondisi tidak terpenuhi
2026-05-29 20:25:00,73744.0,80.63,73513.79,73771.66,0.0035,73655.42,19.98,73842.89,-0.1232,False,4,SHORT,0.0039,
2026-05-29 20:30:00,73708.26,65.05,73512.65,73775.33,0.0036,73658.27,20.32,73839.48,0.999,False,0,NEUTRAL,0.0037,Kondisi tidak terpenuhi
2026-05-29 20:35:00,73730.42,69.95,73508.52,73788.96,0.0038,73659.47,20.76,73836.75,-0.0085,False,0,NEUTRAL,0.0035,Kondisi tidak terpenuhi
2026-05-29 20:40:00,73705.25,57.49,73508.36,73796.87,0.0039,73660.31,20.22,73836.5,-0.1069,False,0,NEUTRAL,0.0033,Kondisi tidak terpenuhi
2026-05-29 20:45:00,73701.18,55.32,73522.26,73804.34,0.0038,73661.17,19.71,73830.77,0.9853,False,0,NEUTRAL,0.0029,Kondisi tidak terpenuhi
2026-05-29 20:50:00,73722.34,64.73,73578.49,73788.52,0.0028,73662.3,21.09,73830.98,0.9667,False,0,NEUTRAL,0.0028,Kondisi tidak terpenuhi
2026-05-29 20:55:00,73663.01,35.88,73626.04,73761.16,0.0018,73663.22,19.18,73830.39,0.1352,False,0,NEUTRAL (BB Squeeze),0.0029,BB Squeeze (width=0.0018 < 0.002)
2026-05-30 08:05:00,73549.99,60.54,73490.73,73588.99,0.0013,73547.02,16.6,73525.76,0.5705,False,0,NEUTRAL (BB Squeeze),0.0012,BB Squeeze (width=0.0013 < 0.002)
2026-05-30 08:09:58,73562.17,71.71,73491.31,73591.82,0.0014,73547.03,15.42,73525.88,-0.5,False,0,NEUTRAL (BB Squeeze),0.0012,BB Squeeze (width=0.0014 < 0.002)
2026-05-30 08:14:58,73567.59,75.34,73490.72,73595.97,0.0014,73547.09,13.89,73525.93,-0.2579,False,0,NEUTRAL (BB Squeeze),0.0012,BB Squeeze (width=0.0014 < 0.002)
2026-05-30 08:19:58,73514.0,27.64,73484.91,73591.95,0.0015,73547.03,14.75,73522.95,-0.9924,False,0,NEUTRAL (BB Squeeze),0.0013,BB Squeeze (width=0.0015 < 0.002)
2026-05-30 08:24:58,73544.0,51.19,73486.98,73584.26,0.0013,73547.0,15.5,73523.25,0.9155,False,0,NEUTRAL (BB Squeeze),0.0013,BB Squeeze (width=0.0013 < 0.002)
2026-05-30 08:29:58,73548.34,52.63,73500.08,73582.39,0.0011,73547.01,13.73,73523.37,0.7899,False,0,NEUTRAL (BB Squeeze),0.0012,BB Squeeze (width=0.0011 < 0.002)
2026-05-30 08:34:58,73546.77,51.4,73519.25,73573.39,0.0007,73547.04,11.91,73521.67,-0.7932,True,0,NEUTRAL (BB Squeeze),0.0011,BB Squeeze (width=0.0007 < 0.002)
2026-05-30 08:39:58,73522.79,34.52,73513.7,73575.1,0.0008,73546.99,13.72,73521.43,0.1014,False,0,NEUTRAL (BB Squeeze),0.0011,BB Squeeze (width=0.0008 < 0.002)
2026-05-30 08:44:58,73520.91,33.35,73508.33,73576.25,0.0009,73546.9,15.65,73521.41,-0.5941,False,0,NEUTRAL (BB Squeeze),0.001,BB Squeeze (width=0.0009 < 0.002)
2026-05-30 08:49:58,73520.0,32.63,73503.22,73575.65,0.001,73546.82,18.45,73521.18,0.605,False,0,NEUTRAL (BB Squeeze),0.0009,BB Squeeze (width=0.0010 < 0.002)
2026-05-30 08:54:58,73510.0,33.0,73498.94,73574.31,0.001,73546.15,17.83,73521.08,-0.8732,True,0,NEUTRAL (BB Squeeze),0.0009,BB Squeeze (width=0.0010 < 0.002)
2026-05-30 08:59:58,73530.07,51.35,73498.88,73569.16,0.001,73545.69,18.67,73521.28,0.7411,True,0,NEUTRAL (BB Squeeze),0.0009,BB Squeeze (width=0.0010 < 0.002)
2026-05-30 09:04:58,73534.0,54.66,73503.97,73557.37,0.0007,73545.39,18.53,73522.33,0.0881,True,0,NEUTRAL (BB Squeeze),0.001,BB Squeeze (width=0.0007 < 0.002)
2026-05-30 09:09:58,73548.72,66.33,73508.01,73560.26,0.0007,73545.37,16.49,73522.47,0.2084,False,0,NEUTRAL (BB Squeeze),0.001,BB Squeeze (width=0.0007 < 0.002)
2026-05-30 09:14:58,73546.38,62.83,73507.84,73560.92,0.0007,73545.37,14.72,73523.38,0.4319,False,0,NEUTRAL (BB Squeeze),0.001,BB Squeeze (width=0.0007 < 0.002)
2026-05-30 09:19:58,73536.64,48.37,73509.23,73556.42,0.0006,73545.41,17.64,73523.28,-0.8289,False,0,NEUTRAL (BB Squeeze),0.0011,BB Squeeze (width=0.0006 < 0.002)
2026-05-30 09:24:58,73542.19,56.19,73509.76,73554.97,0.0006,73545.4,20.13,73523.34,0.9725,False,0,NEUTRAL (BB Squeeze),0.001,BB Squeeze (width=0.0006 < 0.002)
2026-05-30 09:29:58,73566.51,76.98,73507.02,73566.45,0.0008,73545.43,23.42,73523.58,0.2407,False,0,NEUTRAL (BB Squeeze),0.001,BB Squeeze (width=0.0008 < 0.002)
2026-05-30 09:34:58,73558.6,63.61,73510.19,73570.82,0.0008,73545.59,27.08,73525.37,-0.2106,False,0,NEUTRAL (BB Squeeze),0.001,BB Squeeze (width=0.0008 < 0.002)
2026-05-30 09:39:58,73562.78,67.65,73515.23,73574.34,0.0008,73545.62,30.59,73525.41,0.7228,False,0,NEUTRAL (BB Squeeze),0.001,BB Squeeze (width=0.0008 < 0.002)
2026-05-30 09:44:58,73572.0,75.74,73521.5,73578.08,0.0008,73545.66,32.36,73525.5,0.3194,False,0,NEUTRAL (BB Squeeze),0.0009,BB Squeeze (width=0.0008 < 0.002)
2026-05-30 09:49:58,73568.93,66.74,73526.79,73580.41,0.0007,73545.75,33.89,73527.61,0.7064,False,0,NEUTRAL (BB Squeeze),0.0009,BB Squeeze (width=0.0007 < 0.002)
2026-05-30 09:54:58,73612.42,88.03,73519.56,73603.34,0.0011,73545.98,38.96,73528.05,-0.3282,False,0,NEUTRAL (BB Squeeze),0.001,BB Squeeze (width=0.0011 < 0.002)
2026-05-30 09:59:58,73615.46,88.7,73515.89,73620.35,0.0014,73546.19,43.35,73528.08,0.3947,False,0,NEUTRAL (BB Squeeze),0.001,BB Squeeze (width=0.0014 < 0.002)
2026-05-30 10:14:58,73637.4,86.02,73532.65,73656.82,0.0017,73547.26,56.24,73535.68,-0.2354,False,0,NEUTRAL (BB Squeeze),0.001,BB Squeeze (width=0.0017 < 0.002)
2026-05-30 10:19:58,73656.89,91.22,73534.48,73673.07,0.0019,73548.24,60.52,73535.87,0.0699,True,0,NEUTRAL (BB Squeeze),0.0011,BB Squeeze (width=0.0019 < 0.002)
2026-05-30 10:24:58,73670.05,93.45,73542.33,73687.5,0.002,73549.11,61.17,73536.01,0.9943,True,0,NEUTRAL (BB Squeeze),0.0012,BB Squeeze (width=0.0020 < 0.002)
2026-05-30 10:29:58,73630.08,45.53,73558.17,73685.13,0.0017,73549.66,60.69,73535.61,-0.1375,False,0,NEUTRAL (BB Squeeze),0.0013,BB Squeeze (width=0.0017 < 0.002)
2026-05-30 10:34:58,73626.61,42.93,73573.47,73680.75,0.0015,73550.11,60.28,73538.93,-0.6122,False,0,NEUTRAL (BB Squeeze),0.0013,BB Squeeze (width=0.0015 < 0.002)
2026-05-30 10:39:57,73614.84,33.79,73594.76,73668.96,0.001,73550.74,57.64,73538.81,-0.9756,False,0,NEUTRAL (BB Squeeze),0.0013,BB Squeeze (width=0.0010 < 0.002)
2026-05-30 10:44:58,73641.16,59.43,73599.82,73669.65,0.0009,73551.22,55.71,73541.43,-0.6797,False,0,NEUTRAL (BB Squeeze),0.0013,BB Squeeze (width=0.0009 < 0.002)
2026-05-30 10:49:58,73647.84,64.22,73604.94,73671.0,0.0009,73551.52,55.23,73541.5,0.1315,False,0,NEUTRAL (BB Squeeze),0.0012,BB Squeeze (width=0.0009 < 0.002)
2026-05-30 10:54:57,73658.17,72.23,73610.24,73672.69,0.0008,73551.78,54.81,73541.6,0.2367,False,0,NEUTRAL (BB Squeeze),0.0011,BB Squeeze (width=0.0008 < 0.002)
2026-05-30 10:59:57,73655.85,68.22,73611.33,73675.59,0.0009,73552.93,47.31,73541.58,-0.9996,True,0,NEUTRAL (BB Squeeze),0.0012,BB Squeeze (width=0.0009 < 0.002)
2026-05-30 11:04:58,73644.87,50.25,73612.34,73676.07,0.0009,73553.17,40.83,73544.45,-0.9313,False,0,NEUTRAL (BB Squeeze),0.0012,BB Squeeze (width=0.0009 < 0.002)
2026-05-30 11:09:57,73621.97,28.75,73607.48,73673.95,0.0009,73553.33,36.91,73544.22,-0.8709,False,0,NEUTRAL (BB Squeeze),0.0011,BB Squeeze (width=0.0009 < 0.002)
2026-05-30 11:14:57,73614.56,25.96,73604.88,73665.32,0.0008,73553.98,35.22,73546.51,-0.5761,True,0,NEUTRAL (BB Squeeze),0.0011,BB Squeeze (width=0.0008 < 0.002)
2026-05-30 11:19:57,73588.0,15.03,73588.91,73672.87,0.0011,73554.08,36.88,73546.27,-0.8369,False,0,NEUTRAL (BB Squeeze),0.0011,BB Squeeze (width=0.0011 < 0.002)
2026-05-30 11:24:57,73596.63,28.37,73580.87,73674.91,0.0013,73554.24,40.11,73546.36,0.8184,False,0,NEUTRAL (BB Squeeze),0.0011,BB Squeeze (width=0.0013 < 0.002)
2026-05-30 11:29:57,73583.0,21.21,73570.29,73678.95,0.0015,73555.18,38.26,73546.22,-0.9417,True,0,NEUTRAL (BB Squeeze),0.0012,BB Squeeze (width=0.0015 < 0.002)
2026-05-30 11:34:57,73590.8,34.15,73562.91,73676.25,0.0015,73555.43,36.67,73547.95,0.0414,False,0,NEUTRAL (BB Squeeze),0.0011,BB Squeeze (width=0.0015 < 0.002)
2026-05-30 11:39:58,73616.0,61.77,73563.13,73669.67,0.0014,73555.54,32.3,73548.2,0.8559,False,0,NEUTRAL (BB Squeeze),0.0011,BB Squeeze (width=0.0014 < 0.002)
2026-05-30 11:44:57,73629.69,70.82,73565.96,73662.18,0.0013,73555.71,30.68,73549.43,-0.4296,False,0,NEUTRAL (BB Squeeze),0.001,BB Squeeze (width=0.0013 < 0.002)
2026-05-30 11:49:57,73610.34,48.66,73570.82,73648.21,0.0011,73555.87,28.3,73550.27,-0.9374,False,0,NEUTRAL (BB Squeeze),0.001,BB Squeeze (width=0.0011 < 0.002)
2026-05-30 11:54:57,73615.0,53.44,73575.77,73637.29,0.0008,73556.46,26.29,73550.32,0.6347,True,0,NEUTRAL (BB Squeeze),0.001,BB Squeeze (width=0.0008 < 0.002)
2026-05-30 11:59:57,73602.02,39.5,73575.59,73633.48,0.0008,73556.78,24.56,73550.88,0.1045,False,0,NEUTRAL (BB Squeeze),0.001,BB Squeeze (width=0.0008 < 0.002)
2026-05-30 12:04:58,73600.01,37.44,73574.84,73631.46,0.0008,73556.96,23.06,73551.72,0.4604,False,0,NEUTRAL (BB Squeeze),0.0009,BB Squeeze (width=0.0008 < 0.002)
2026-05-30 12:09:57,73600.02,37.47,73577.84,73630.86,0.0007,73557.02,21.77,73551.72,-0.383,False,0,NEUTRAL (BB Squeeze),0.0008,BB Squeeze (width=0.0007 < 0.002)
2026-05-30 12:15:00,73605.59,52.33,73578.89,73631.05,0.0007,73557.16,20.95,73552.46,0.833,False,0,NEUTRAL (BB Squeeze),0.0007,BB Squeeze (width=0.0007 < 0.002)
2026-05-30 12:20:00,73638.68,81.98,73581.81,73639.26,0.0008,73557.3,21.88,73553.67,0.5936,False,0,NEUTRAL (BB Squeeze),0.0008,BB Squeeze (width=0.0008 < 0.002)
2026-05-30 12:25:00,73644.17,84.18,73583.98,73647.77,0.0009,73558.56,25.87,73553.72,0.1082,True,0,NEUTRAL (BB Squeeze),0.0009,BB Squeeze (width=0.0009 < 0.002)
2026-05-30 12:30:00,73651.27,87.0,73580.77,73658.04,0.001,73560.48,29.88,73553.79,0.115,True,0,NEUTRAL (BB Squeeze),0.001,BB Squeeze (width=0.0010 < 0.002)
2026-05-30 12:35:00,73685.4,90.99,73568.48,73681.66,0.0015,73561.79,34.8,73556.71,-0.959,False,0,NEUTRAL (BB Squeeze),0.0013,BB Squeeze (width=0.0015 < 0.002)
2026-05-30 12:40:00,73671.02,70.58,73569.13,73693.15,0.0017,73562.5,39.04,73556.57,0.8638,False,0,NEUTRAL (BB Squeeze),0.0012,BB Squeeze (width=0.0017 < 0.002)
2026-05-30 12:45:00,73689.31,78.81,73568.38,73708.76,0.0019,73563.36,42.89,73556.75,-0.0682,False,0,NEUTRAL (BB Squeeze),0.0011,BB Squeeze (width=0.0019 < 0.002)
2026-05-30 12:50:00,73677.6,63.36,73577.09,73715.16,0.0019,73565.4,43.79,73559.56,-0.5841,True,0,NEUTRAL (BB Squeeze),0.0011,BB Squeeze (width=0.0019 < 0.002)
2026-05-30 12:55:00,73655.05,41.86,73590.18,73713.08,0.0017,73568.12,43.18,73559.34,-0.8219,True,0,NEUTRAL (BB Squeeze),0.0011,BB Squeeze (width=0.0017 < 0.002)
2026-05-30 13:00:00,73698.18,69.13,73605.22,73717.67,0.0015,73569.95,44.43,73559.77,-0.1282,False,0,NEUTRAL (BB Squeeze),0.0012,BB Squeeze (width=0.0015 < 0.002)
2026-05-30 13:05:00,73721.69,77.1,73621.93,73724.75,0.0014,73571.07,47.56,73563.39,0.32,False,0,NEUTRAL (BB Squeeze),0.0012,BB Squeeze (width=0.0014 < 0.002)
2026-05-30 13:10:00,73765.82,86.2,73614.93,73757.17,0.0019,73572.37,51.26,73563.83,0.7584,False,0,NEUTRAL (BB Squeeze),0.0013,BB Squeeze (width=0.0019 < 0.002)
2026-05-30 13:15:00,73746.4,69.62,73622.7,73769.85,0.002,73573.53,54.94,73563.63,-0.9819,False,0,NEUTRAL (BB Squeeze),0.0013,BB Squeeze (width=0.0020 < 0.002)
2026-05-30 13:20:00,73763.99,75.44,73630.37,73784.72,0.0021,73574.57,52.93,73567.61,0.9973,False,0,NEUTRAL (ADX>30),0.0014,ADX Terlalu Tinggi (52.9 > 30)
2026-05-30 13:25:00,73789.8,82.23,73627.52,73808.25,0.0024,73577.93,54.07,73567.87,-0.0662,False,0,NEUTRAL (ADX>30),0.0016,ADX Terlalu Tinggi (54.1 > 30)
2026-05-30 13:30:00,73773.44,66.38,73638.13,73818.12,0.0024,73580.13,55.06,73567.7,-0.695,False,0,NEUTRAL (ADX>30),0.0015,ADX Terlalu Tinggi (55.1 > 30)
2026-05-30 13:35:00,73695.16,29.44,73639.72,73817.71,0.0024,73581.95,48.05,73572.0,-0.5812,False,0,NEUTRAL (ADX>30),0.0017,ADX Terlalu Tinggi (48.0 > 30)
2026-05-30 13:40:00,73686.61,27.19,73642.65,73816.58,0.0024,73582.4,42.09,73571.92,0.5075,False,0,NEUTRAL (ADX>30),0.0016,ADX Terlalu Tinggi (42.1 > 30)
2026-05-30 13:45:00,73748.0,58.32,73668.19,73809.63,0.0019,73582.84,38.94,73572.53,0.1195,False,0,NEUTRAL (BB Squeeze),0.0017,BB Squeeze (width=0.0019 < 0.002)
2026-05-30 13:50:00,73740.8,54.37,73678.29,73808.32,0.0018,73583.86,37.56,73578.04,-0.6869,False,0,NEUTRAL (BB Squeeze),0.0017,BB Squeeze (width=0.0018 < 0.002)
2026-05-30 13:55:00,73819.37,76.54,73675.21,73830.95,0.0021,73585.18,37.87,73578.79,0.7676,False,0,NEUTRAL (ADX>30),0.0019,ADX Terlalu Tinggi (37.9 > 30)
2026-05-30 14:00:00,73829.31,78.35,73668.47,73850.38,0.0025,73586.05,38.78,73578.89,-0.0752,False,0,NEUTRAL (ADX>30),0.0017,ADX Terlalu Tinggi (38.8 > 30)
2026-05-30 14:05:00,73905.99,88.04,73648.21,73902.56,0.0034,73589.79,41.63,73585.83,0.3965,True,0,NEUTRAL (ADX>30),0.002,ADX Terlalu Tinggi (41.6 > 30)
2026-05-30 14:10:00,73946.67,90.96,73629.13,73958.17,0.0044,73592.88,44.85,73586.24,0.5357,True,0,NEUTRAL (ADX>30),0.0021,ADX Terlalu Tinggi (44.9 > 30)
2026-05-30 14:15:00,73940.01,86.26,73621.25,73996.1,0.0051,73599.88,48.69,73586.17,-0.469,True,0,NEUTRAL (ADX>30),0.0022,ADX Terlalu Tinggi (48.7 > 30)
2026-05-30 14:20:00,74002.0,91.69,73612.11,74050.95,0.0059,73603.86,47.76,73595.73,0.1471,False,0,NEUTRAL (ADX>30),0.0025,ADX Terlalu Tinggi (47.8 > 30)
2026-05-30 14:25:00,73967.53,70.57,73646.69,74070.85,0.0057,73606.81,46.97,73595.38,0.7607,False,0,NEUTRAL (ADX>30),0.0025,ADX Terlalu Tinggi (47.0 > 30)
2026-05-30 14:30:00,74048.27,83.3,73691.53,74096.5,0.0055,73611.8,47.75,73596.0,-0.198,False,0,NEUTRAL (ADX>30),0.0027,ADX Terlalu Tinggi (47.7 > 30)
2026-05-30 14:35:00,74049.06,83.39,73728.35,74119.9,0.0053,73617.93,49.45,73606.92,0.9927,False,0,NEUTRAL (ADX>30),0.0028,ADX Terlalu Tinggi (49.5 > 30)
2026-05-30 14:40:00,74034.83,73.45,73792.32,74114.45,0.0044,73626.96,50.92,73606.78,0.8567,True,0,NEUTRAL (ADX>30),0.0027,ADX Terlalu Tinggi (50.9 > 30)
2026-05-30 14:45:00,74000.01,52.58,73837.59,74105.32,0.0036,73631.26,52.48,73606.43,-0.3026,False,0,NEUTRAL (ADX>30),0.0027,ADX Terlalu Tinggi (52.5 > 30)
2026-05-30 14:50:00,73988.0,46.39,73895.3,74079.34,0.0025,73633.36,47.6,73615.97,0.2527,False,0,NEUTRAL (ADX>30),0.0029,ADX Terlalu Tinggi (47.6 > 30)
2026-05-30 14:55:00,73929.09,25.98,73905.44,74073.82,0.0023,73634.88,43.39,73615.38,0.4432,False,0,NEUTRAL (ADX>30),0.0028,ADX Terlalu Tinggi (43.4 > 30)
2026-05-30 15:00:00,73929.11,25.99,73899.33,74076.42,0.0024,73635.71,38.81,73615.38,0.0619,False,0,NEUTRAL (ADX>30),0.0025,ADX Terlalu Tinggi (38.8 > 30)
2026-05-30 15:05:00,73895.85,17.8,73881.72,74085.22,0.0028,73636.72,36.3,73622.55,-0.8237,False,0,NEUTRAL (ADX>30),0.0025,ADX Terlalu Tinggi (36.3 > 30)
2026-05-30 15:09:59,73899.61,21.6,73860.41,74086.05,0.0031,73638.01,32.21,73622.58,0.862,False,0,NEUTRAL (ADX>30),0.0023,ADX Terlalu Tinggi (32.2 > 30)
2026-05-30 15:15:00,74030.01,75.36,73861.55,74097.41,0.0032,73638.64,34.34,73623.88,-0.152,False,0,NEUTRAL (ADX>30),0.0028,ADX Terlalu Tinggi (34.3 > 30)
2026-05-30 15:19:59,73940.87,46.01,73857.43,74081.88,0.003,73640.07,36.18,73631.05,0.4809,False,0,NEUTRAL (ADX>30),0.003,ADX Terlalu Tinggi (36.2 > 30)
2026-05-30 15:25:00,73887.04,34.85,73845.25,74061.65,0.0029,73641.32,32.54,73630.51,-0.5509,False,0,NEUTRAL (ADX>30),0.0032,ADX Terlalu Tinggi (32.5 > 30)
2026-05-30 15:29:59,73940.01,50.82,73851.14,74036.8,0.0025,73642.09,30.13,73631.04,0.9009,False,0,NEUTRAL (ADX>30),0.0031,ADX Terlalu Tinggi (30.1 > 30)
2026-05-30 15:34:59,73916.92,44.37,73850.15,74021.17,0.0023,73642.63,27.58,73636.78,0.6244,False,0,NEUTRAL,0.0031,Kondisi tidak terpenuhi
2026-05-30 15:39:59,73868.98,32.65,73837.54,74009.98,0.0023,73642.61,24.7,73636.3,-0.5015,False,0,NEUTRAL,0.003,Kondisi tidak terpenuhi
2026-05-30 15:44:59,73875.0,37.29,73825.47,74010.13,0.0025,73643.06,22.39,73636.25,0.7234,False,0,NEUTRAL,0.0028,Kondisi tidak terpenuhi
2026-05-30 15:49:59,73910.9,52.61,73823.91,74008.05,0.0025,73642.88,21.05,73641.12,0.1627,False,0,NEUTRAL,0.0027,Kondisi tidak terpenuhi
2026-05-30 15:54:59,73959.17,67.25,73827.83,74016.78,0.0026,73645.25,22.04,73641.6,0.9424,True,0,NEUTRAL,0.0027,Kondisi tidak terpenuhi
2026-05-30 15:59:59,73930.14,53.68,73832.11,74018.6,0.0025,73647.45,22.9,73641.31,-0.5099,False,0,NEUTRAL,0.0026,Kondisi tidak terpenuhi
2026-05-30 16:04:59,73901.58,42.26,73852.29,73972.73,0.0016,73648.65,21.23,73646.59,-0.221,False,0,NEUTRAL (BB Squeeze),0.0026,BB Squeeze (width=0.0016 < 0.002)
2026-05-30 16:09:59,73925.33,53.46,73853.11,73968.81,0.0016,73649.76,20.02,73646.83,0.9558,False,0,NEUTRAL (BB Squeeze),0.0024,BB Squeeze (width=0.0016 < 0.002)
2026-05-30 16:14:59,73968.03,68.44,73854.24,73983.88,0.0018,73652.54,21.52,73647.26,0.4171,False,0,NEUTRAL (BB Squeeze),0.0024,BB Squeeze (width=0.0018 < 0.002)
2026-05-30 16:19:59,73922.48,46.64,73853.99,73980.62,0.0017,73653.97,21.6,73653.19,0.7651,False,0,NEUTRAL (BB Squeeze),0.0024,BB Squeeze (width=0.0017 < 0.002)
2026-05-30 16:24:59,73918.15,44.79,73854.11,73980.74,0.0017,73655.07,21.67,73653.14,-0.5497,False,0,NEUTRAL (BB Squeeze),0.0023,BB Squeeze (width=0.0017 < 0.002)
2026-05-30 16:29:59,73909.99,40.67,73867.0,73976.06,0.0015,73656.8,20.47,73653.06,0.6586,False,0,NEUTRAL (BB Squeeze),0.0021,BB Squeeze (width=0.0015 < 0.002)
2026-05-30 16:34:59,73950.39,63.4,73886.07,73973.16,0.0012,73658.61,22.3,73659.05,-0.1448,False,0,NEUTRAL (BB Squeeze),0.0021,BB Squeeze (width=0.0012 < 0.002)
2026-05-30 16:39:59,73972.0,71.38,73887.27,73984.18,0.0013,73661.71,25.0,73659.27,0.8876,False,0,NEUTRAL (BB Squeeze),0.0021,BB Squeeze (width=0.0013 < 0.002)
2026-05-30 16:44:59,73957.53,59.55,73887.43,73983.69,0.0013,73665.29,27.32,73662.53,0.3952,True,0,NEUTRAL (BB Squeeze),0.002,BB Squeeze (width=0.0013 < 0.002)
2026-05-30 16:49:59,73927.59,40.59,73887.03,73983.58,0.0013,73667.9,25.0,73665.89,0.8664,False,0,NEUTRAL (BB Squeeze),0.0021,BB Squeeze (width=0.0013 < 0.002)
2026-05-30 16:54:59,73931.04,43.42,73895.56,73980.95,0.0012,73669.43,22.99,73665.92,0.4309,False,0,NEUTRAL (BB Squeeze),0.0019,BB Squeeze (width=0.0012 < 0.002)
2026-05-30 16:59:59,73934.99,47.32,73897.35,73981.09,0.0011,73672.37,21.64,73665.96,0.2447,False,0,NEUTRAL (BB Squeeze),0.0016,BB Squeeze (width=0.0011 < 0.002)
2026-05-30 17:04:59,73943.44,57.01,73899.36,73973.54,0.001,73687.74,19.3,73672.44,0.7232,False,0,NEUTRAL (BB Squeeze),0.0016,BB Squeeze (width=0.0010 < 0.002)
2026-05-30 17:09:59,73887.0,22.9,73885.25,73980.55,0.0013,73694.34,19.79,73671.87,0.8553,False,0,NEUTRAL (BB Squeeze),0.0018,BB Squeeze (width=0.0013 < 0.002)
2026-05-30 17:14:59,73907.51,41.13,73881.44,73981.66,0.0014,73696.35,19.87,73672.02,0.8089,False,0,NEUTRAL (BB Squeeze),0.0016,BB Squeeze (width=0.0014 < 0.002)
2026-05-30 17:19:59,73911.06,44.11,73881.74,73981.58,0.0014,73699.84,18.86,73677.32,0.6041,False,0,NEUTRAL (BB Squeeze),0.0016,BB Squeeze (width=0.0014 < 0.002)
2026-05-30 17:24:59,74012.98,81.33,73868.43,74006.83,0.0019,73713.44,23.28,73678.33,-0.8629,True,0,NEUTRAL (BB Squeeze),0.0022,BB Squeeze (width=0.0019 < 0.002)
2026-05-30 17:29:59,73934.86,48.17,73868.82,73999.01,0.0018,73716.48,27.09,73677.56,0.694,False,0,NEUTRAL (BB Squeeze),0.0023,BB Squeeze (width=0.0018 < 0.002)
2026-05-30 17:34:59,73860.0,31.45,73847.34,74000.99,0.0021,73723.62,24.88,73681.93,0.9044,False,0,NEUTRAL,0.0027,Kondisi tidak terpenuhi
2026-05-30 17:39:59,73925.34,51.47,73847.14,74000.74,0.0021,73731.59,22.97,73682.58,0.4022,False,0,NEUTRAL,0.0027,Kondisi tidak terpenuhi
2026-05-30 17:44:59,73955.94,59.08,73847.17,74005.69,0.0021,73734.06,20.18,73682.88,0.5347,False,0,NEUTRAL,0.0025,Kondisi tidak terpenuhi
2026-05-30 17:49:59,74011.39,70.5,73838.97,74029.17,0.0026,73735.22,20.54,73688.02,0.3293,False,2,NEUTRAL,0.0025,"Tren Makro EMA 200 berlawanan (price=74011.4, ema200=73688.0)"
2026-05-30 17:54:59,74015.99,71.4,73833.89,74049.38,0.0029,73736.16,21.06,73688.07,-0.3337,False,2,NEUTRAL,0.0023,"Tren Makro EMA 200 berlawanan (price=74016.0, ema200=73688.1)"
2026-05-30 17:59:59,74020.07,72.42,73844.5,74065.38,0.003,73737.57,21.88,73688.11,0.8721,False,2,NEUTRAL,0.002,"Tren Makro EMA 200 berlawanan (price=74020.1, ema200=73688.1)"
2026-05-30 18:04:59,74027.23,74.58,73854.53,74079.87,0.003,73738.33,22.93,73694.51,-0.9335,False,2,NEUTRAL,0.0018,"Tren Makro EMA 200 berlawanan (price=74027.2, ema200=73694.5)"
2026-05-30 18:09:59,74018.33,65.85,73868.45,74087.4,0.003,73740.02,22.37,73694.42,0.8946,False,0,NEUTRAL,0.0017,Kondisi tidak terpenuhi
2026-05-30 18:14:59,74018.26,65.77,73868.17,74089.31,0.003,73741.22,21.89,73694.42,0.1524,False,0,NEUTRAL,0.0015,Kondisi tidak terpenuhi
2026-05-30 18:19:59,74059.98,83.0,73874.91,74107.6,0.0031,73745.37,24.55,73701.49,0.8149,True,0,NEUTRAL,0.0016,PSO Filter (R1): Pisau Jatuh Bullish
2026-05-30 18:24:59,74038.04,61.01,73932.45,74085.67,0.0021,73749.15,28.56,73701.28,-0.8803,True,0,NEUTRAL,0.0018,Kondisi tidak terpenuhi
2026-05-30 18:29:59,73969.36,28.66,73954.3,74072.62,0.0016,73753.97,24.68,73700.59,0.8734,False,0,NEUTRAL (BB Squeeze),0.0021,BB Squeeze (width=0.0016 < 0.002)
2026-05-30 18:34:59,74035.98,58.04,73976.18,74066.75,0.0012,73759.78,21.34,73706.33,-0.1818,False,0,NEUTRAL (BB Squeeze),0.0022,BB Squeeze (width=0.0012 < 0.002)
2026-05-30 18:39:59,74053.33,63.38,73977.06,74074.25,0.0013,73761.92,19.47,73706.5,0.8488,False,0,NEUTRAL (BB Squeeze),0.0021,BB Squeeze (width=0.0013 < 0.002)
2026-05-30 18:44:59,74095.74,74.28,73969.43,74097.83,0.0017,73764.79,20.22,73706.92,0.9978,False,0,NEUTRAL (BB Squeeze),0.0021,BB Squeeze (width=0.0017 < 0.002)
2026-05-30 18:49:59,74047.62,50.89,73972.39,74100.38,0.0017,73766.83,22.91,73714.0,-0.9996,False,0,NEUTRAL (BB Squeeze),0.0024,BB Squeeze (width=0.0017 < 0.002)
2026-05-30 18:54:59,74020.0,40.84,73971.08,74100.24,0.0017,73767.94,22.78,73713.73,0.8549,False,0,NEUTRAL (BB Squeeze),0.0023,BB Squeeze (width=0.0017 < 0.002)
2026-05-30 18:59:59,74043.38,51.8,73974.59,74101.75,0.0017,73770.01,23.36,73713.96,-0.2861,False,0,NEUTRAL (BB Squeeze),0.0022,BB Squeeze (width=0.0017 < 0.002)
2026-05-30 19:04:59,74043.8,52.02,73978.58,74102.87,0.0017,73771.5,23.87,73719.57,0.5429,False,0,NEUTRAL (BB Squeeze),0.0021,BB Squeeze (width=0.0017 < 0.002)
2026-05-30 19:09:59,74010.46,34.98,73972.62,74098.92,0.0017,73772.41,23.34,73719.23,-0.504,False,0,NEUTRAL (BB Squeeze),0.002,BB Squeeze (width=0.0017 < 0.002)
2026-05-30 19:14:59,74040.71,53.71,73972.83,74099.25,0.0017,73773.36,22.42,73719.54,0.6525,False,0,NEUTRAL (BB Squeeze),0.0019,BB Squeeze (width=0.0017 < 0.002)
2026-05-30 19:19:59,74050.95,59.13,74000.19,74088.21,0.0012,73776.02,23.79,73725.02,-0.6478,True,0,NEUTRAL (BB Squeeze),0.0018,BB Squeeze (width=0.0012 < 0.002)
2026-05-30 19:24:59,74011.16,36.03,73994.71,74089.55,0.0013,73778.55,22.19,73724.63,-0.6298,False,0,NEUTRAL (BB Squeeze),0.0018,BB Squeeze (width=0.0013 < 0.002)
2026-05-30 19:29:59,73993.76,29.42,73981.12,74091.24,0.0015,73780.87,19.44,73724.45,0.2898,False,0,NEUTRAL (BB Squeeze),0.0017,BB Squeeze (width=0.0015 < 0.002)
2026-05-30 19:34:59,73992.34,28.83,73982.28,74069.39,0.0012,73784.27,18.89,73729.38,-0.7848,False,0,NEUTRAL (BB Squeeze),0.0016,BB Squeeze (width=0.0012 < 0.002)
2026-05-30 19:39:59,74040.02,62.79,73982.89,74067.26,0.0011,73786.89,18.05,73729.85,-0.855,True,0,NEUTRAL (BB Squeeze),0.0016,BB Squeeze (width=0.0011 < 0.002)
2026-05-30 19:44:59,74017.96,49.18,73981.69,74067.21,0.0012,73788.61,17.32,73729.55,0.9415,False,0,NEUTRAL (BB Squeeze),0.0016,BB Squeeze (width=0.0012 < 0.002)
2026-05-30 19:49:59,74062.09,66.74,73978.79,74073.86,0.0013,73792.76,18.81,73735.83,-0.7469,False,0,NEUTRAL (BB Squeeze),0.0017,BB Squeeze (width=0.0013 < 0.002)
2026-05-30 19:54:59,74031.44,50.31,73978.87,74071.3,0.0012,73794.15,20.09,73735.52,0.7674,False,0,NEUTRAL (BB Squeeze),0.0016,BB Squeeze (width=0.0012 < 0.002)
2026-05-30 19:59:59,74016.65,43.31,73980.16,74071.24,0.0012,73795.28,19.35,73735.37,0.4079,False,0,NEUTRAL (BB Squeeze),0.0015,BB Squeeze (width=0.0012 < 0.002)
2026-05-30 20:04:59,73938.01,21.58,73946.34,74084.52,0.0019,73796.72,20.85,73740.54,-0.7093,False,0,NEUTRAL (BB Squeeze),0.0017,BB Squeeze (width=0.0019 < 0.002)
2026-05-30 20:09:59,73985.99,44.64,73942.38,74075.49,0.0018,73798.27,22.14,73741.02,-0.3709,False,0,NEUTRAL (BB Squeeze),0.0017,BB Squeeze (width=0.0018 < 0.002)
2026-05-30 20:14:59,73961.24,37.0,73931.14,74075.91,0.002,73799.29,23.26,73740.77,-0.8762,False,0,NEUTRAL (BB Squeeze),0.0016,BB Squeeze (width=0.0020 < 0.002)
2026-05-30 20:19:59,73965.64,39.51,73924.75,74076.68,0.0021,73801.02,24.51,73746.4,-0.8503,False,0,NEUTRAL,0.0015,Kondisi tidak terpenuhi
2026-05-30 20:24:59,73966.29,39.99,73919.3,74076.92,0.0021,73802.21,25.59,73746.41,-0.1305,False,0,NEUTRAL,0.0013,Kondisi tidak terpenuhi
2026-05-30 20:29:59,73966.29,39.99,73915.44,74066.03,0.002,73804.08,26.51,73746.41,-0.5424,False,0,NEUTRAL,0.0011,Kondisi tidak terpenuhi
2026-05-30 20:34:59,73950.0,29.22,73907.12,74061.61,0.0021,73805.26,29.58,73751.22,0.2772,False,4,LONG,0.0011,
2026-05-30 20:39:59,73941.74,24.65,73912.51,74032.14,0.0016,73806.77,29.69,73751.14,-0.9912,True,0,NEUTRAL (BB Squeeze),0.0012,BB Squeeze (width=0.0016 < 0.002)
2026-05-30 20:44:59,73932.9,20.08,73913.97,74010.98,0.0013,73808.15,29.78,73753.27,0.0217,False,0,NEUTRAL (BB Squeeze),0.0011,BB Squeeze (width=0.0013 < 0.002)
2026-05-30 20:49:59,73935.09,24.79,73920.37,73988.27,0.0009,73809.34,29.86,73755.63,0.3818,False,0,NEUTRAL (BB Squeeze),0.001,BB Squeeze (width=0.0009 < 0.002)
2026-05-30 20:54:59,73966.69,65.14,73924.47,73989.9,0.0009,73811.15,28.27,73755.95,0.7712,True,0,NEUTRAL (BB Squeeze),0.0012,BB Squeeze (width=0.0009 < 0.002)
2026-05-30 20:59:59,73979.84,73.26,73925.98,73987.16,0.0008,73811.95,26.9,73756.08,0.431,False,0,NEUTRAL (BB Squeeze),0.0011,BB Squeeze (width=0.0008 < 0.002)
