signal,entry_price,exit_price,sl_distance,result,sl_moved_to_be,entry_time,exit_time
LONG,110027.7,109861.63305966317,0.001509319383544432,LOSS,False,2025-09-02 11:10:00,2025-09-02 11:21:00
LONG,109852.9,109680.52790892129,0.0015691173476413275,LOSS,False,2025-09-02 11:25:00,2025-09-02 11:54:00
LONG,109865.9,109700.83464500731,0.0015024257298459518,LOSS,False,2025-09-02 11:40:00,2025-09-02 11:54:00
LONG,109698.6,109514.38779704121,0.0016792575562385571,LOSS,False,2025-09-02 11:55:00,2025-09-02 11:58:00
LONG,109364.5,109141.63532802461,0.0020378154883475687,LOSS,False,2025-09-02 12:10:00,2025-09-02 12:41:00
LONG,110650.2,110215.62275740017,0.003927487185742307,LOSS,False,2025-09-02 15:50:00,2025-09-02 18:45:00
LONG,110415.6,110870.80847479329,0.0027484550781670444,WIN,False,2025-09-02 18:15:00,2025-09-02 20:07:00
LONG,111113.1,111448.16419232769,0.002010349168716033,WIN,False,2025-09-03 12:45:00,2025-09-03 13:34:00
LONG,111682.2,112103.58005782844,0.002515351941063975,WIN,False,2025-09-03 16:40:00,2025-09-03 17:10:00
LONG,111821.9,112199.54876130825,0.0022514895639599605,WIN,False,2025-09-03 18:35:00,2025-09-03 21:08:00
SHORT,109725.6,109935.31260844883,0.0019112459485191057,LOSS,False,2025-09-04 17:20:00,2025-09-04 18:03:00
SHORT,110000.4,109658.06500955652,0.0020747499732939314,WIN,False,2025-09-04 18:00:00,2025-09-04 18:31:00
SHORT,110303.1,110536.08647052138,0.0021122386453451274,LOSS,False,2025-09-04 20:20:00,2025-09-04 22:05:00
SHORT,110290.2,110504.48135048668,0.0019428865890775404,LOSS,False,2025-09-04 20:35:00,2025-09-04 22:05:00
LONG,112100.0,112350.51482347453,0.0014898294586650255,WIN,False,2025-09-05 11:15:00,2025-09-05 12:01:00
SHORT,111012.0,111269.32721895218,0.002318012637842666,LOSS,False,2025-09-05 18:25:00,2025-09-05 19:21:00
SHORT,110810.7,110708.47049707842,0.0006150399009095113,WIN,False,2025-09-06 12:15:00,2025-09-06 12:34:00
SHORT,110121.0,110196.51195761064,0.0006857180520576018,LOSS,False,2025-09-06 20:55:00,2025-09-06 23:23:00
LONG,111031.3,111171.84685054289,0.0008438872674815897,WIN,False,2025-09-07 12:15:00,2025-09-07 12:39:00
LONG,111017.2,111123.77132787838,0.0006399688689582548,WIN,False,2025-09-07 13:20:00,2025-09-07 13:33:00
LONG,111027.7,110932.91711495431,0.0008536868281130177,LOSS,False,2025-09-07 17:10:00,2025-09-07 17:19:00
LONG,110928.9,110818.86525202428,0.000991939413225205,LOSS,False,2025-09-07 17:25:00,2025-09-07 18:41:00
LONG,110856.9,111001.15570751633,0.000867519041914049,WIN,False,2025-09-07 18:35:00,2025-09-07 18:58:00
LONG,112388.2,112167.79249085645,0.001961126783270436,LOSS,False,2025-09-08 16:05:00,2025-09-08 17:51:00
LONG,112049.9,111897.7000772987,0.0013583226999872456,LOSS,False,2025-09-08 19:35:00,2025-09-08 20:40:00
LONG,111947.1,112149.49306375635,0.0012052899018456327,WIN,False,2025-09-08 20:15:00,2025-09-08 21:38:00
LONG,111906.8,112099.76995665915,0.0011495873152727635,WIN,False,2025-09-08 20:30:00,2025-09-08 21:14:00
LONG,112658.7,112868.2609351965,0.0012400932207721853,WIN,False,2025-09-09 10:25:00,2025-09-09 10:40:00
LONG,112605.8,112465.94542639407,0.0012419837486695477,LOSS,False,2025-09-09 11:15:00,2025-09-09 11:58:00
LONG,112551.0,112419.6691892243,0.0011668560099483219,LOSS,False,2025-09-09 11:35:00,2025-09-09 11:59:00
LONG,112521.2,112397.98333043943,0.0010950529283421163,LOSS,False,2025-09-09 11:50:00,2025-09-09 11:59:00
LONG,112321.4,112015.91363578568,0.002719752106137537,LOSS,False,2025-09-09 14:00:00,2025-09-09 14:07:00
SHORT,111225.1,111425.31358818794,0.001800075596137269,LOSS,False,2025-09-09 18:20:00,2025-09-09 20:55:00
SHORT,111257.2,111045.40237748958,0.0012691170998995827,WIN,False,2025-09-09 19:35:00,2025-09-09 20:18:00
SHORT,111302.7,111114.58777272033,0.001126730542204072,WIN,False,2025-09-09 19:50:00,2025-09-09 20:17:00
SHORT,111410.4,111172.59669311096,0.00142298688386386,WIN,False,2025-09-09 20:45:00,2025-09-09 20:46:00
LONG,113630.9,113970.24525151306,0.001990921199034527,WIN,False,2025-09-10 16:15:00,2025-09-10 17:17:00
LONG,113593.5,113913.14856690021,0.0018759792118399673,WIN,False,2025-09-10 16:30:00,2025-09-10 17:11:00
LONG,113436.9,113766.45190886167,0.0019367707736586645,WIN,False,2025-09-10 17:25:00,2025-09-10 18:02:00
LONG,113357.1,113144.42993738833,0.0018761071217566448,LOSS,False,2025-09-10 18:25:00,2025-09-10 19:27:00
LONG,113225.3,113521.56876276042,0.001744420270972509,WIN,False,2025-09-10 19:20:00,2025-09-10 19:59:00
LONG,113865.3,113745.12568732596,0.0010554076849931286,LOSS,False,2025-09-11 09:10:00,2025-09-11 09:46:00
LONG,113856.7,113739.30093473759,0.0010311124884385477,LOSS,False,2025-09-11 09:35:00,2025-09-11 09:46:00
LONG,113805.9,113981.32915254091,0.0010276511882125884,WIN,False,2025-09-11 09:50:00,2025-09-11 10:33:00
LONG,113435.2,113899.54336275338,0.002728978675363403,WIN,False,2025-09-11 13:10:00,2025-09-11 13:31:00
LONG,114106.4,114405.83259275215,0.0017494349878835668,WIN,False,2025-09-11 18:15:00,2025-09-11 19:58:00
LONG,114105.3,114384.64372495499,0.001632081506906257,WIN,False,2025-09-11 18:30:00,2025-09-11 19:37:00
LONG,115011.1,114912.72200772857,0.0008553782397648494,LOSS,False,2025-09-12 08:00:00,2025-09-12 08:11:00
LONG,114877.8,115068.97642913529,0.001109448063567094,WIN,False,2025-09-12 09:20:00,2025-09-12 11:27:00
LONG,114833.8,115025.45847842937,0.0011126716955540382,WIN,False,2025-09-12 09:35:00,2025-09-12 09:59:00
LONG,114797.9,114976.98565326215,0.0010400053965108605,WIN,False,2025-09-12 12:00:00,2025-09-12 12:27:00
LONG,116005.2,115789.33043030834,0.0018608611483937592,LOSS,False,2025-09-12 20:20:00,2025-09-12 21:45:00
LONG,115744.2,115681.60069362595,0.0005408418423908316,LOSS,False,2025-09-13 13:45:00,2025-09-13 13:51:00
LONG,115639.9,115809.85768168082,0.0009798099195913576,WIN,False,2025-09-13 14:10:00,2025-09-13 14:16:00
LONG,115632.4,115511.12976692291,0.0010487565170063167,LOSS,False,2025-09-13 15:35:00,2025-09-13 16:21:00
LONG,115466.1,115323.79874227877,0.0012324072409239132,LOSS,False,2025-09-13 16:20:00,2025-09-13 16:43:00
LONG,115805.3,115723.75434216266,0.0007041617079472757,LOSS,False,2025-09-14 11:25:00,2025-09-14 11:32:00
LONG,115701.2,115610.23046273008,0.0007862454086035002,LOSS,False,2025-09-14 11:40:00,2025-09-14 12:52:00
LONG,115692.8,115608.39944091493,0.0007295230047598357,LOSS,False,2025-09-14 12:35:00,2025-09-14 12:52:00
SHORT,115016.0,114746.96365501691,0.0015594140234581459,WIN,False,2025-09-15 11:10:00,2025-09-15 12:29:00
SHORT,115130.4,114849.10212622937,0.00162886532008122,WIN,False,2025-09-15 11:35:00,2025-09-15 12:07:00
SHORT,115075.9,115287.79459293532,0.0018413463890816573,LOSS,False,2025-09-15 17:55:00,2025-09-15 18:57:00
SHORT,115063.0,115264.42842444486,0.0017505924966744729,LOSS,False,2025-09-15 18:45:00,2025-09-15 18:56:00
LONG,115550.2,115397.30416629631,0.0013231983475900002,LOSS,False,2025-09-16 08:30:00,2025-09-16 09:54:00
LONG,115413.1,115290.05556840204,0.0010661218838933359,LOSS,False,2025-09-16 09:50:00,2025-09-16 11:03:00
LONG,115397.5,115268.91464423442,0.001114281988479615,LOSS,False,2025-09-16 10:05:00,2025-09-16 11:03:00
LONG,115378.4,115258.59173178933,0.0010383942593298174,LOSS,False,2025-09-16 10:40:00,2025-09-16 11:03:00
SHORT,115315.0,115512.66529985622,0.0017141334592742756,LOSS,False,2025-09-16 15:40:00,2025-09-16 15:55:00
SHORT,115827.9,116001.69500086873,0.001500458877944952,LOSS,False,2025-09-17 17:35:00,2025-09-17 17:40:00
SHORT,115963.2,115632.20553011558,0.001902870737638751,WIN,False,2025-09-17 17:50:00,2025-09-17 17:59:00
LONG,117049.9,117224.26758502547,0.0009931239299107622,WIN,False,2025-09-18 10:40:00,2025-09-18 11:00:00
LONG,117008.4,117187.92196491855,0.001022843744087614,WIN,False,2025-09-18 11:45:00,2025-09-18 12:14:00
LONG,116976.1,117152.69541979814,0.0010064472987680172,WIN,False,2025-09-18 12:00:00,2025-09-18 12:13:00
LONG,117401.8,117240.86876964227,0.001370773108740501,LOSS,False,2025-09-18 19:25:00,2025-09-18 19:35:00
LONG,117237.4,117501.3713355116,0.0015010644243311614,WIN,False,2025-09-18 19:40:00,2025-09-18 20:33:00
SHORT,116373.7,116125.6938043002,0.0014207459572039348,WIN,False,2025-09-19 13:45:00,2025-09-19 14:43:00
SHORT,115861.9,115770.70368322886,0.000524741476827946,WIN,False,2025-09-20 12:00:00,2025-09-20 12:27:00
SHORT,116032.0,115944.34319453697,0.0005036358100238479,WIN,False,2025-09-20 15:15:00,2025-09-20 15:41:00
SHORT,115626.2,115499.70007805216,0.0007293613497508045,WIN,False,2025-09-21 09:55:00,2025-09-21 10:45:00
SHORT,115700.0,115605.29085590628,0.0005457167622801393,WIN,False,2025-09-21 12:15:00,2025-09-21 13:37:00
SHORT,115577.5,115424.98937381987,0.0008797019384114402,WIN,False,2025-09-21 17:50:00,2025-09-21 19:05:00
SHORT,115585.0,115448.59329602124,0.0007867612808972501,WIN,False,2025-09-21 18:05:00,2025-09-21 19:03:00
SHORT,112799.3,112480.15438214112,0.0018862151204773552,WIN,False,2025-09-22 10:50:00,2025-09-22 12:38:00
SHORT,112829.1,112537.53381106562,0.0017227599909030362,WIN,False,2025-09-22 11:05:00,2025-09-22 12:02:00
SHORT,112884.1,112606.1053782475,0.0016417701681193536,WIN,False,2025-09-22 11:20:00,2025-09-22 12:02:00
SHORT,112891.9,112618.0257464135,0.0016173245000246036,WIN,False,2025-09-22 13:10:00,2025-09-22 13:38:00
SHORT,113157.1,112766.30174139002,0.0023023935078457145,WIN,False,2025-09-22 14:00:00,2025-09-22 14:55:00
SHORT,113337.3,112932.39253555238,0.0023817252540138385,WIN,False,2025-09-22 14:25:00,2025-09-22 14:36:00
SHORT,112658.2,112375.26251347328,0.0016743121318982398,WIN,False,2025-09-22 18:20:00,2025-09-22 18:56:00
SHORT,112766.4,112497.03290528453,0.0015924784611696368,WIN,False,2025-09-22 18:35:00,2025-09-22 18:50:00
SHORT,112727.1,112397.65716653352,0.0019483208176589433,WIN,False,2025-09-22 20:50:00,2025-09-23 00:51:00
SHORT,113132.8,112849.1875727335,0.0016712655526161168,WIN,False,2025-09-23 08:15:00,2025-09-23 09:49:00
SHORT,113189.1,112963.05678755372,0.0013313603073457263,WIN,False,2025-09-23 09:05:00,2025-09-23 09:28:00
SHORT,113144.5,112841.72170189868,0.0017840213066848698,WIN,False,2025-09-23 14:05:00,2025-09-23 14:20:00
SHORT,112750.2,112899.00423714808,0.001319769163585291,LOSS,False,2025-09-24 09:35:00,2025-09-24 10:59:00
LONG,113442.6,113285.02034371263,0.0013890695055241416,LOSS,False,2025-09-24 19:25:00,2025-09-24 19:35:00
SHORT,111933.3,111674.96481673233,0.0015386257307858611,WIN,False,2025-09-25 08:10:00,2025-09-25 08:46:00
SHORT,111980.3,111729.49071696828,0.0014931750378219689,WIN,False,2025-09-25 08:25:00,2025-09-25 08:43:00
SHORT,112032.3,112213.56996723004,0.001618015226234266,LOSS,False,2025-09-25 09:25:00,2025-09-25 09:27:00
SHORT,109457.3,109009.91408379293,0.0027248733293382408,WIN,False,2025-09-26 12:40:00,2025-09-26 13:30:00
SHORT,109522.0,109040.43578864484,0.0029313088472645446,WIN,False,2025-09-26 13:35:00,2025-09-26 14:24:00
SHORT,109635.5,109142.80264309501,0.002995972149562201,WIN,False,2025-09-26 13:50:00,2025-09-26 14:15:00
SHORT,109488.2,109769.66994112915,0.002570778779166735,LOSS,False,2025-09-26 16:15:00,2025-09-26 17:26:00
SHORT,109521.7,109754.62262990934,0.00212672584436994,LOSS,False,2025-09-26 17:10:00,2025-09-26 17:26:00
SHORT,109868.1,110116.27014136693,0.0022588007016314305,LOSS,False,2025-09-26 17:25:00,2025-09-26 18:17:00
SHORT,109893.6,110138.91851333203,0.0022323275725978117,LOSS,False,2025-09-26 17:40:00,2025-09-26 18:17:00
SHORT,110120.0,109756.90476184299,0.0021981791872926985,WIN,False,2025-09-26 18:15:00,2025-09-26 18:45:00
SHORT,109311.0,109387.19577240125,0.0006970549386726037,LOSS,False,2025-09-27 10:30:00,2025-09-27 10:36:00
SHORT,109370.6,109237.5553779343,0.0008109712729972147,WIN,False,2025-09-27 10:45:00,2025-09-27 11:53:00
SHORT,109429.9,109528.66775256812,0.0009025664152862589,LOSS,False,2025-09-28 13:25:00,2025-09-28 13:38:00
SHORT,109550.2,109650.30266122163,0.0009137606432634806,LOSS,False,2025-09-28 13:40:00,2025-09-28 14:26:00
LONG,111862.1,112056.27084584512,0.0011572036513118904,WIN,False,2025-09-29 11:10:00,2025-09-29 11:35:00
LONG,113514.8,113868.21132628214,0.0020755668058680763,WIN,False,2025-09-29 17:00:00,2025-09-29 17:39:00
LONG,113576.3,113426.134116871,0.001322158611690952,LOSS,False,2025-09-30 08:15:00,2025-09-30 08:33:00
LONG,113446.3,113280.90637928776,0.0014579022913241463,LOSS,False,2025-09-30 08:30:00,2025-09-30 09:01:00
LONG,112845.4,113073.16584785997,0.0013455922755674825,WIN,False,2025-09-30 13:00:00,2025-09-30 13:19:00
LONG,112825.7,113202.99323368588,0.002229357517456189,WIN,False,2025-09-30 16:45:00,2025-09-30 17:20:00
LONG,116967.7,117393.86208776233,0.0024289445591237097,WIN,False,2025-10-01 17:45:00,2025-10-01 19:17:00
LONG,116762.4,117184.94327872223,0.0024125533489219113,WIN,False,2025-10-01 18:00:00,2025-10-01 18:50:00
LONG,118950.5,118608.26318559382,0.0028771364088942,LOSS,False,2025-10-02 14:40:00,2025-10-02 14:50:00
LONG,118768.0,119292.3119522141,0.0029430595907658243,WIN,False,2025-10-02 14:55:00,2025-10-02 15:24:00
LONG,119931.2,120360.7745523735,0.0023878943503914908,WIN,False,2025-10-03 14:15:00,2025-10-03 14:27:00
LONG,122115.7,121700.23754421312,0.003402203449571895,LOSS,False,2025-10-03 20:05:00,2025-10-04 01:50:00
LONG,122190.1,122379.78962227382,0.0010349426686986018,WIN,False,2025-10-04 08:40:00,2025-10-04 09:15:00
LONG,122194.4,122095.44060362609,0.0008098521403099868,LOSS,False,2025-10-04 09:45:00,2025-10-04 10:52:00
LONG,122132.0,122044.81635419428,0.0007138476877946274,LOSS,False,2025-10-04 10:45:00,2025-10-04 11:13:00
LONG,121980.9,122131.4868885606,0.0008230080204393135,WIN,False,2025-10-04 11:10:00,2025-10-04 13:02:00
LONG,121924.6,122077.89596347741,0.0008382008961680811,WIN,False,2025-10-04 11:55:00,2025-10-04 13:02:00
LONG,122129.9,122018.68567808211,0.0009106232128076742,LOSS,False,2025-10-04 14:45:00,2025-10-04 14:53:00
LONG,121980.1,121838.30309210876,0.0011624593510847062,LOSS,False,2025-10-04 15:00:00,2025-10-04 15:15:00
LONG,121542.6,121717.26637336114,0.0009580529699662525,WIN,False,2025-10-04 18:50:00,2025-10-04 19:11:00
LONG,124371.3,124136.74470681552,0.001885927807978897,LOSS,False,2025-10-05 09:10:00,2025-10-05 09:29:00
LONG,123979.8,123699.93300687817,0.002257359611177265,LOSS,False,2025-10-05 09:25:00,2025-10-05 09:30:00
LONG,122993.3,122827.66603442539,0.0013466909626345827,LOSS,False,2025-10-05 14:35:00,2025-10-05 14:43:00
LONG,122798.7,122602.18242521303,0.0016003229251365888,LOSS,False,2025-10-05 15:05:00,2025-10-05 15:38:00
LONG,122663.1,122474.52865709431,0.0015373110813739503,LOSS,False,2025-10-05 16:45:00,2025-10-05 16:50:00
LONG,122784.1,122585.47573713057,0.0016176708781465278,LOSS,False,2025-10-05 19:05:00,2025-10-05 19:12:00
LONG,122593.5,122926.04624927556,0.0018083952209297116,WIN,False,2025-10-05 19:45:00,2025-10-05 20:36:00
LONG,123791.1,124034.92254775345,0.0013130860390525518,WIN,False,2025-10-06 11:05:00,2025-10-06 11:28:00
LONG,125114.8,124812.84672607387,0.0024134097159259613,LOSS,False,2025-10-06 20:20:00,2025-10-06 21:19:00
LONG,124258.8,124669.52213733029,0.0022035844400572005,WIN,False,2025-10-07 13:35:00,2025-10-07 13:36:00
SHORT,121692.7,122059.9415055915,0.003017777611898607,LOSS,False,2025-10-07 19:50:00,2025-10-07 20:13:00
SHORT,122032.0,121479.62886054054,0.0030176300175880923,WIN,False,2025-10-07 20:05:00,2025-10-07 23:34:00
SHORT,121780.7,122026.43924856452,0.0020178833638213696,LOSS,False,2025-10-08 08:00:00,2025-10-08 08:31:00
SHORT,122336.5,122634.26704588762,0.0024340000399522407,LOSS,False,2025-10-08 08:30:00,2025-10-08 08:42:00
SHORT,122681.9,123071.60656701303,0.003176561228779702,LOSS,False,2025-10-08 16:10:00,2025-10-08 16:57:00
SHORT,121816.1,122054.14960711959,0.001954171961830828,LOSS,False,2025-10-09 10:00:00,2025-10-09 10:37:00
SHORT,121966.0,122200.98471322021,0.001926641139499635,LOSS,False,2025-10-09 10:30:00,2025-10-09 10:41:00
SHORT,122148.9,122390.58584728307,0.001978616649704522,LOSS,False,2025-10-09 10:45:00,2025-10-09 11:19:00
SHORT,122227.1,122457.7345686884,0.0018869348015979615,LOSS,False,2025-10-09 11:00:00,2025-10-09 11:19:00
SHORT,122455.0,122687.3344013879,0.0018973043272051023,LOSS,False,2025-10-09 11:15:00,2025-10-09 11:26:00
SHORT,121041.4,121351.29151110571,0.0025602108956580896,LOSS,False,2025-10-09 19:25:00,2025-10-09 21:20:00
SHORT,121088.8,121305.58155697273,0.0017902692649750934,LOSS,False,2025-10-09 20:50:00,2025-10-09 21:14:00
SHORT,121413.0,121594.51695841372,0.0014950372564199808,LOSS,False,2025-10-10 08:50:00,2025-10-10 08:59:00
SHORT,121578.0,121299.71356247106,0.0015259692681732176,WIN,False,2025-10-10 09:20:00,2025-10-10 09:50:00
SHORT,121599.9,121778.66448672445,0.0014701038958457484,LOSS,False,2025-10-10 11:05:00,2025-10-10 13:04:00
SHORT,112141.9,111551.48398883539,0.0035099340577405607,WIN,True,2025-10-11 10:25:00,2025-10-11 16:36:00
SHORT,112098.9,111738.57957292486,0.0021428722141794625,WIN,False,2025-10-11 17:30:00,2025-10-11 19:03:00
SHORT,111772.1,111420.63846298942,0.0020962985516098415,WIN,False,2025-10-12 09:55:00,2025-10-12 10:38:00
SHORT,112050.5,111680.0250104485,0.002204214406608369,WIN,False,2025-10-12 12:10:00,2025-10-12 12:35:00
SHORT,112031.1,111472.4928238737,0.0033241196782340336,WIN,False,2025-10-12 14:45:00,2025-10-12 14:46:00
LONG,113554.5,114218.92082498735,0.0039007456037253277,WIN,True,2025-10-12 18:40:00,2025-10-12 19:12:00
LONG,114749.3,114464.0783811013,0.002485606612839587,LOSS,False,2025-10-13 09:10:00,2025-10-13 11:01:00
LONG,114709.7,114473.56614597482,0.00205853431771829,LOSS,False,2025-10-13 10:35:00,2025-10-13 11:01:00
LONG,114396.6,114139.99393832822,0.0022431266459998524,LOSS,False,2025-10-13 11:00:00,2025-10-13 11:05:00
LONG,114360.5,114076.84860878538,0.0024803266094029063,LOSS,False,2025-10-13 11:15:00,2025-10-13 11:24:00
SHORT,111613.6,111613.6,0.005025099172649113,BE,True,2025-10-14 14:10:00,2025-10-14 14:14:00
SHORT,112075.8,112624.77539908941,0.004898250996998507,LOSS,False,2025-10-14 15:40:00,2025-10-14 15:53:00
SHORT,112823.0,111983.3144578356,0.0049616688214542985,WIN,True,2025-10-14 15:55:00,2025-10-14 17:00:00
SHORT,113032.4,112300.2636147816,0.0043181505787626626,WIN,True,2025-10-14 18:05:00,2025-10-14 19:41:00
SHORT,112636.8,112882.07946036746,0.0021776138914409693,LOSS,False,2025-10-15 08:00:00,2025-10-15 08:15:00
SHORT,112885.9,113134.83945861053,0.002205230756104455,LOSS,False,2025-10-15 08:15:00,2025-10-15 08:30:00
SHORT,111041.2,111453.04076139591,0.003708900492753391,LOSS,False,2025-10-15 17:50:00,2025-10-15 19:22:00
SHORT,106750.1,107338.77447806661,0.005514509851200173,LOSS,False,2025-10-17 15:55:00,2025-10-17 16:03:00
SHORT,106863.4,107180.27797882134,0.002965261996355577,LOSS,False,2025-10-17 20:20:00,2025-10-17 21:05:00
SHORT,106993.1,107293.31740869916,0.002805951119269916,LOSS,False,2025-10-17 20:35:00,2025-10-17 21:10:00
SHORT,106996.7,106765.71559535293,0.0014391995556689583,WIN,False,2025-10-18 10:30:00,2025-10-18 10:57:00
SHORT,107151.0,106897.64497583704,0.00157631146178726,WIN,False,2025-10-18 11:55:00,2025-10-18 11:56:00
SHORT,107193.9,106927.44972550192,0.0016571233655278033,WIN,False,2025-10-18 12:15:00,2025-10-18 12:38:00
SHORT,107000.0,107124.06448090028,0.0011594811299091466,LOSS,False,2025-10-18 19:45:00,2025-10-18 20:07:00
SHORT,107028.9,107147.61609494821,0.0011091966277166064,LOSS,False,2025-10-18 20:00:00,2025-10-18 20:07:00
SHORT,107182.8,106962.24891834984,0.0013718064319409263,WIN,False,2025-10-18 20:25:00,2025-10-18 20:59:00
SHORT,107110.8,106871.67096323195,0.0014883593236664089,WIN,False,2025-10-19 08:15:00,2025-10-19 08:16:00
SHORT,106923.6,107237.15081932202,0.0029324753311898225,LOSS,False,2025-10-19 09:40:00,2025-10-19 09:48:00
LONG,110754.2,111177.5207502505,0.002548109538964095,WIN,False,2025-10-20 09:15:00,2025-10-20 12:35:00
LONG,110672.2,111062.94439260218,0.0023537641949358656,WIN,False,2025-10-20 09:30:00,2025-10-20 12:35:00
LONG,110705.8,111050.7533598569,0.0020772977257854765,WIN,False,2025-10-20 10:50:00,2025-10-20 12:22:00
LONG,110608.6,110941.39459059971,0.0020058391517459306,WIN,False,2025-10-20 11:05:00,2025-10-20 11:51:00
LONG,110563.8,110875.90890368471,0.0018819234003939038,WIN,False,2025-10-20 13:10:00,2025-10-20 13:40:00
LONG,110798.5,110433.93567292523,0.0032903363048666042,LOSS,False,2025-10-20 16:00:00,2025-10-20 16:43:00
LONG,110592.5,110190.3422799716,0.00363639234150959,LOSS,False,2025-10-20 16:35:00,2025-10-20 16:45:00
LONG,110155.0,110764.12919406958,0.003686497475191443,WIN,True,2025-10-20 17:30:00,2025-10-20 18:37:00
SHORT,107950.1,108169.78554577111,0.002035065699532477,LOSS,False,2025-10-21 10:35:00,2025-10-21 10:48:00
SHORT,108658.1,108230.79794420968,0.00262169168422374,WIN,False,2025-10-21 10:50:00,2025-10-21 11:05:00
LONG,111558.9,111026.01099610672,0.004776750253841525,LOSS,False,2025-10-21 18:35:00,2025-10-21 20:16:00
LONG,111253.0,110877.14937189259,0.0033783415108572146,LOSS,False,2025-10-21 20:10:00,2025-10-21 20:16:00
LONG,110783.3,110350.59007654812,0.003905912925972386,LOSS,False,2025-10-21 20:25:00,2025-10-21 21:21:00
SHORT,108267.8,107772.12328582312,0.0030521645658689537,WIN,False,2025-10-22 13:10:00,2025-10-22 13:32:00
SHORT,108912.7,107941.91130885831,0.0059423048070713635,WIN,True,2025-10-22 14:55:00,2025-10-22 15:22:00
LONG,109093.4,109533.6568646548,0.002690397186599135,WIN,False,2025-10-23 09:10:00,2025-10-23 10:14:00
LONG,109852.1,109510.71879197912,0.003107643895937225,LOSS,False,2025-10-23 20:10:00,2025-10-23 20:58:00
LONG,110799.9,110578.88130849716,0.001994755333739721,LOSS,False,2025-10-24 11:30:00,2025-10-24 11:33:00
LONG,110680.2,110310.0531338942,0.0033442916267390726,LOSS,False,2025-10-24 13:35:00,2025-10-24 14:08:00
LONG,110375.5,109948.4844760423,0.0038687527934885536,LOSS,False,2025-10-24 14:00:00,2025-10-24 14:19:00
LONG,110124.5,109665.17851452803,0.004170929134497405,LOSS,False,2025-10-24 14:15:00,2025-10-24 14:27:00
LONG,111404.0,111630.61513182957,0.0013561160690194873,WIN,False,2025-10-25 10:05:00,2025-10-25 10:38:00
LONG,111518.8,111365.5479812695,0.0013742258590525441,LOSS,False,2025-10-25 13:40:00,2025-10-25 15:10:00
LONG,111491.3,111359.5691151726,0.0011815351047785958,LOSS,False,2025-10-25 14:30:00,2025-10-25 15:10:00
LONG,111428.7,111304.89618289057,0.0011110586151452022,LOSS,False,2025-10-25 15:00:00,2025-10-25 15:54:00
LONG,111326.7,111214.92478119924,0.0010040288520252667,LOSS,False,2025-10-25 15:50:00,2025-10-25 16:05:00
LONG,111372.7,111512.69587177587,0.0008380023217890896,WIN,False,2025-10-25 20:35:00,2025-10-25 22:40:00
LONG,113397.1,113623.34227196775,0.0013300885235322387,WIN,False,2025-10-26 17:55:00,2025-10-26 18:34:00
LONG,113377.5,113272.19456478124,0.0009288036446275025,LOSS,False,2025-10-26 20:20:00,2025-10-26 20:59:00
LONG,115100.0,114833.12845055772,0.002318605989941616,LOSS,False,2025-10-27 08:25:00,2025-10-27 09:02:00
LONG,115170.1,115486.37251352404,0.0018307559197166326,WIN,False,2025-10-27 11:20:00,2025-10-27 11:41:00
LONG,115141.2,114945.47099090605,0.0016999041967075813,LOSS,False,2025-10-27 12:05:00,2025-10-27 12:43:00
LONG,115040.4,114843.556788759,0.0017110789882596746,LOSS,False,2025-10-27 12:40:00,2025-10-27 13:35:00
LONG,115016.4,114838.21214099982,0.0015492387085682211,LOSS,False,2025-10-27 12:55:00,2025-10-27 13:36:00
LONG,114674.8,114997.82604034284,0.0018779251724170749,WIN,False,2025-10-27 13:35:00,2025-10-27 13:50:00
LONG,114985.0,114747.85365055042,0.002062411179280588,LOSS,False,2025-10-27 19:00:00,2025-10-27 19:33:00
LONG,114765.6,114516.81043806812,0.002167806049302972,LOSS,False,2025-10-27 19:30:00,2025-10-27 20:56:00
LONG,114254.8,114113.77570852714,0.001234296427571214,LOSS,False,2025-10-28 11:50:00,2025-10-28 12:22:00
LONG,114201.1,114418.08722760525,0.0012666966582356698,WIN,False,2025-10-28 12:05:00,2025-10-28 12:46:00
LONG,114091.8,114306.07844899736,0.0012520820894364917,WIN,False,2025-10-28 12:20:00,2025-10-28 12:40:00
LONG,114849.9,114572.29859824268,0.0024170800475866085,LOSS,False,2025-10-28 18:25:00,2025-10-28 19:16:00
LONG,114699.9,114425.37932592536,0.0023933819826751817,LOSS,False,2025-10-28 18:40:00,2025-10-28 19:17:00
SHORT,113186.5,113385.79244260452,0.0017607439279819076,LOSS,False,2025-10-29 11:30:00,2025-10-29 13:16:00
SHORT,113374.5,113547.45943489137,0.0015255585241070045,LOSS,False,2025-10-29 13:15:00,2025-10-29 13:26:00
SHORT,111285.6,110422.02275237531,0.0051733392737526845,WIN,True,2025-10-29 20:25:00,2025-10-29 23:24:00
SHORT,111452.1,110727.7448709479,0.004332833740845325,WIN,True,2025-10-29 20:50:00,2025-10-29 23:09:00
SHORT,107270.1,107716.22669956954,0.0041589100743779535,LOSS,False,2025-10-30 20:45:00,2025-10-30 21:41:00
LONG,109952.9,109851.12265424283,0.0009256449421266184,LOSS,False,2025-11-01 09:40:00,2025-11-01 10:11:00
LONG,110584.8,110413.41675124639,0.0015497902854065136,LOSS,False,2025-11-02 09:40:00,2025-11-02 10:30:00
LONG,110363.9,110658.4813161797,0.0017794545509882459,WIN,False,2025-11-02 10:30:00,2025-11-02 11:16:00
LONG,110690.8,110500.88961453401,0.0017156835569531851,LOSS,False,2025-11-02 12:55:00,2025-11-02 13:16:00
LONG,110560.2,110382.09527446472,0.0016109298421608524,LOSS,False,2025-11-02 13:10:00,2025-11-02 13:20:00
LONG,110254.7,110023.16537005131,0.0020999978227565566,LOSS,False,2025-11-02 14:25:00,2025-11-02 16:00:00
SHORT,107759.3,107298.0408521402,0.002853638605421574,WIN,False,2025-11-03 09:10:00,2025-11-03 09:25:00
SHORT,107840.0,108163.0269635861,0.0029954280747969877,LOSS,False,2025-11-03 11:45:00,2025-11-03 12:04:00
SHORT,107926.4,108271.29680721524,0.003195666743403473,LOSS,False,2025-11-03 12:00:00,2025-11-03 14:07:00
SHORT,108107.1,107589.64505168445,0.003191001937372333,WIN,False,2025-11-03 12:15:00,2025-11-03 13:06:00
SHORT,107210.6,107779.49847644314,0.0053063640763426345,LOSS,False,2025-11-03 17:20:00,2025-11-03 17:21:00
SHORT,104118.9,104492.48510726941,0.003588062371667625,LOSS,False,2025-11-04 11:05:00,2025-11-04 11:34:00
SHORT,104325.1,103773.38273651371,0.0035256281469259383,WIN,True,2025-11-04 11:20:00,2025-11-04 13:05:00
SHORT,104575.1,104035.23910244921,0.0034416153083656237,WIN,True,2025-11-04 11:35:00,2025-11-04 12:24:00
SHORT,104629.3,104629.3,0.004863379299228362,BE,True,2025-11-04 15:00:00,2025-11-04 15:19:00
SHORT,102114.9,101539.64498392859,0.0037556061265065057,WIN,True,2025-11-05 09:05:00,2025-11-05 10:39:00
SHORT,101948.5,102244.49915226943,0.0029034184148803,LOSS,False,2025-11-05 11:50:00,2025-11-05 12:20:00
SHORT,102139.1,102415.46555219473,0.002705776261928247,LOSS,False,2025-11-05 12:15:00,2025-11-05 12:21:00
SHORT,103234.0,102831.18064395954,0.0026013351934470095,WIN,False,2025-11-06 10:30:00,2025-11-06 11:02:00
SHORT,103447.8,102970.34215693857,0.003076964698211315,WIN,False,2025-11-06 13:25:00,2025-11-06 14:06:00
SHORT,102241.5,102241.5,0.005152531726502654,BE,True,2025-11-06 18:45:00,2025-11-06 18:49:00
SHORT,101492.6,101492.6,0.005605609428725885,BE,True,2025-11-07 16:25:00,2025-11-07 17:14:00
SHORT,101945.1,102146.57416587556,0.001976300635102187,LOSS,False,2025-11-08 17:55:00,2025-11-08 18:57:00
SHORT,102009.2,101800.89953615349,0.001361318154614229,WIN,False,2025-11-09 09:10:00,2025-11-09 09:47:00
SHORT,102037.5,102223.33388798259,0.0018212312922463725,LOSS,False,2025-11-09 11:00:00,2025-11-09 11:15:00
LONG,105995.2,105790.5940982208,0.00193033176765747,LOSS,False,2025-11-10 08:30:00,2025-11-10 09:15:00
LONG,105871.2,106174.35949319002,0.0019089830737097377,WIN,False,2025-11-10 08:45:00,2025-11-10 09:20:00
LONG,105946.1,106220.82100788208,0.001728684100576096,WIN,False,2025-11-10 10:55:00,2025-11-10 11:40:00
LONG,105865.6,106160.3848399294,0.0018563464111060514,WIN,False,2025-11-10 12:00:00,2025-11-10 13:04:00
LONG,105872.9,105582.73986417546,0.002740645961568375,LOSS,False,2025-11-10 14:30:00,2025-11-10 14:39:00
LONG,105174.4,104830.14727827751,0.00327316078553798,LOSS,False,2025-11-10 14:45:00,2025-11-10 14:52:00
SHORT,103650.4,103850.65621036073,0.0019320350945172236,LOSS,False,2025-11-12 08:20:00,2025-11-12 08:28:00
SHORT,104004.7,104246.4037607797,0.002323969597332725,LOSS,False,2025-11-12 08:40:00,2025-11-12 09:03:00
LONG,104649.7,105020.87022476073,0.0023645248529824904,WIN,False,2025-11-12 13:15:00,2025-11-12 13:41:00
LONG,104541.8,104290.27405658735,0.0024059844331421045,LOSS,False,2025-11-12 14:35:00,2025-11-12 14:47:00
SHORT,101671.9,102020.27627456954,0.0034264755017811848,LOSS,False,2025-11-12 20:25:00,2025-11-13 01:10:00
SHORT,103142.2,102758.709718854,0.002478715670507966,WIN,False,2025-11-13 12:35:00,2025-11-13 13:26:00
SHORT,96257.4,96951.72130127471,0.007213173234210765,LOSS,False,2025-11-14 14:35:00,2025-11-14 15:46:00
SHORT,96050.1,96252.15195142843,0.002103610005907587,LOSS,False,2025-11-15 13:20:00,2025-11-15 13:54:00
SHORT,96153.2,96357.28929930329,0.0021225429762430936,LOSS,False,2025-11-15 13:35:00,2025-11-15 14:00:00
SHORT,96325.7,95989.51215727555,0.0023267438335040787,WIN,False,2025-11-15 13:55:00,2025-11-15 14:31:00
SHORT,96403.2,96077.1457669586,0.0022547953666918574,WIN,False,2025-11-15 14:10:00,2025-11-15 14:25:00
SHORT,96374.3,96579.027886039,0.00212429959064816,LOSS,False,2025-11-16 09:50:00,2025-11-16 09:59:00
SHORT,90696.3,91037.24077349447,0.0037591475450980587,LOSS,False,2025-11-18 08:00:00,2025-11-18 08:17:00
SHORT,91055.4,91408.52994874904,0.0038781878806643066,LOSS,False,2025-11-18 08:15:00,2025-11-18 08:40:00
SHORT,91744.0,92090.57220935608,0.003777600817013431,LOSS,False,2025-11-18 14:25:00,2025-11-18 14:33:00
SHORT,92358.6,92961.65328360889,0.006529476232953769,LOSS,False,2025-11-18 15:15:00,2025-11-18 15:27:00
SHORT,91646.1,91289.66639059482,0.002592826167945274,WIN,False,2025-11-19 11:15:00,2025-11-19 11:55:00
SHORT,92174.2,91555.96416412388,0.004471503131216835,WIN,True,2025-11-19 15:05:00,2025-11-19 15:22:00
SHORT,89359.5,89749.84050958868,0.0043682038237534415,LOSS,False,2025-11-19 20:25:00,2025-11-19 21:05:00
SHORT,89525.4,89924.41634415108,0.004457018278065105,LOSS,False,2025-11-19 20:50:00,2025-11-19 21:20:00
LONG,91950.0,91725.78261237357,0.0024384707735338133,LOSS,False,2025-11-20 09:00:00,2025-11-20 09:29:00
SHORT,84727.7,84727.7,0.00823530222469243,BE,True,2025-11-21 14:30:00,2025-11-21 14:34:00
SHORT,85367.2,85367.2,0.009426374527921264,BE,True,2025-11-21 14:50:00,2025-11-21 14:54:00
SHORT,84357.9,85204.754713499,0.01003883114087724,LOSS,False,2025-11-21 16:50:00,2025-11-21 17:07:00
SHORT,85340.1,84073.70056183092,0.009892961129793928,WIN,True,2025-11-21 17:05:00,2025-11-21 18:05:00
SHORT,84195.9,83743.47290407312,0.0035823367165296062,WIN,True,2025-11-22 11:25:00,2025-11-22 12:09:00
SHORT,84411.2,84696.92723128268,0.0033849445486225736,LOSS,False,2025-11-22 14:10:00,2025-11-22 14:16:00
SHORT,84528.0,84059.18539880025,0.0036975093160431815,WIN,True,2025-11-22 14:25:00,2025-11-22 15:40:00
SHORT,84550.0,84810.19100230769,0.0030773625346857216,LOSS,False,2025-11-22 16:10:00,2025-11-22 16:45:00
SHORT,84800.0,84414.77518514267,0.0030284969721487724,WIN,False,2025-11-22 16:40:00,2025-11-22 17:13:00
LONG,85856.6,86166.66346889576,0.002407607327378843,WIN,False,2025-11-23 11:00:00,2025-11-23 11:34:00
LONG,86668.9,87120.94191584608,0.0034771559028754593,WIN,True,2025-11-23 17:05:00,2025-11-23 18:21:00
SHORT,86366.5,85938.59532641659,0.003303014275082789,WIN,False,2025-11-24 11:40:00,2025-11-24 12:11:00
LONG,87195.5,86895.16402099295,0.0034443976926223506,LOSS,False,2025-11-25 18:55:00,2025-11-25 19:04:00
LONG,87473.6,87299.72693665334,0.001987720447617007,LOSS,False,2025-11-26 08:30:00,2025-11-26 09:06:00
LONG,87418.3,87254.32233802987,0.0018757818668416423,LOSS,False,2025-11-26 08:50:00,2025-11-26 09:16:00
SHORT,86911.7,87129.08915239498,0.002501264529344156,LOSS,False,2025-11-26 13:35:00,2025-11-26 14:12:00
SHORT,86937.0,87152.43861800723,0.002478100440631984,LOSS,False,2025-11-26 13:50:00,2025-11-26 14:12:00
LONG,91237.6,91077.89653463822,0.0017504128271873711,LOSS,False,2025-11-27 12:25:00,2025-11-27 12:42:00
LONG,91072.3,90910.88478010209,0.0017723854552691158,LOSS,False,2025-11-27 12:40:00,2025-11-27 13:05:00
LONG,91322.7,91098.19914232136,0.0024583247941491054,LOSS,False,2025-11-28 11:10:00,2025-11-28 11:15:00
LONG,91839.4,91483.43157385322,0.003875988150475412,LOSS,False,2025-11-28 16:10:00,2025-11-28 16:22:00
LONG,91140.8,90729.92218212665,0.0045081655841658595,LOSS,False,2025-11-28 16:25:00,2025-11-28 17:16:00
SHORT,90658.0,90439.33079414378,0.0016080155151316513,WIN,False,2025-11-29 08:20:00,2025-11-29 10:18:00
SHORT,90624.1,90729.96368925885,0.0011681626549541765,LOSS,False,2025-11-29 11:50:00,2025-11-29 12:07:00
LONG,91091.0,90962.04681449338,0.0014156523202798338,LOSS,False,2025-11-30 11:40:00,2025-11-30 11:53:00
LONG,91000.9,91201.85569345373,0.0014721883223406198,WIN,False,2025-11-30 11:55:00,2025-11-30 12:13:00
LONG,91263.1,91532.76025274623,0.0019698377748598246,WIN,False,2025-11-30 14:35:00,2025-11-30 15:24:00
LONG,91304.4,91141.84783838305,0.0017803321813289602,LOSS,False,2025-11-30 17:30:00,2025-11-30 18:09:00
LONG,91174.2,91426.65602298363,0.0018459609771451458,WIN,False,2025-11-30 18:05:00,2025-11-30 18:54:00
LONG,91173.7,91043.87696487253,0.0014239088150142533,LOSS,False,2025-11-30 20:30:00,2025-11-30 21:12:00
SHORT,86748.9,86408.50180312013,0.002615965519484934,WIN,False,2025-12-01 08:40:00,2025-12-01 11:18:00
SHORT,86345.0,85745.54178949466,0.0046283954716956266,WIN,True,2025-12-01 14:35:00,2025-12-01 15:04:00
SHORT,85425.7,85819.99946664834,0.004615700739336699,LOSS,False,2025-12-01 20:00:00,2025-12-01 21:08:00
SHORT,85537.2,85943.43038565104,0.004749166276789896,LOSS,False,2025-12-01 20:15:00,2025-12-01 21:21:00
SHORT,87022.4,87223.51410840788,0.0023110613865843055,LOSS,False,2025-12-02 10:40:00,2025-12-02 10:48:00
SHORT,87241.8,87491.13861012104,0.002858017717665666,LOSS,False,2025-12-02 10:55:00,2025-12-02 11:55:00
SHORT,87386.7,87654.79079425741,0.003067867241324006,LOSS,False,2025-12-02 11:25:00,2025-12-02 13:52:00
LONG,92683.9,93060.72611050073,0.002710475141858507,WIN,False,2025-12-03 08:50:00,2025-12-03 09:52:00
LONG,92700.6,93051.78218807047,0.00252556573219215,WIN,False,2025-12-03 11:10:00,2025-12-03 12:04:00
LONG,92682.3,93026.57053964365,0.0024763486997599884,WIN,False,2025-12-03 12:25:00,2025-12-03 13:05:00
LONG,91702.9,92242.57700608228,0.003923372878300798,WIN,True,2025-12-03 14:00:00,2025-12-03 14:01:00
LONG,93111.2,92933.05246578179,0.0019132771805992345,LOSS,False,2025-12-04 11:20:00,2025-12-04 11:31:00
LONG,92808.0,93121.88168695924,0.002254702805499708,WIN,False,2025-12-04 11:35:00,2025-12-04 12:41:00
LONG,92533.1,92902.2831879398,0.002659827945818203,WIN,False,2025-12-04 13:00:00,2025-12-04 13:01:00
LONG,92439.4,92158.34604084947,0.0030404130614275714,LOSS,False,2025-12-04 13:45:00,2025-12-04 14:51:00
SHORT,89599.9,88839.88406803957,0.0056548867573916,WIN,True,2025-12-05 18:05:00,2025-12-05 18:52:00
SHORT,89600.9,89747.07775002907,0.001631431715854196,LOSS,False,2025-12-06 09:25:00,2025-12-06 14:15:00
SHORT,89626.5,89766.23642150615,0.0015590971588331378,LOSS,False,2025-12-06 09:45:00,2025-12-06 14:15:00
SHORT,89634.3,89740.44580112147,0.0011842096286963804,LOSS,False,2025-12-06 11:40:00,2025-12-06 13:44:00
SHORT,89736.0,89604.49848109098,0.0009769510483271032,WIN,False,2025-12-06 13:40:00,2025-12-06 13:54:00
SHORT,90023.1,90168.10849104299,0.0016107920194147233,LOSS,False,2025-12-06 14:15:00,2025-12-06 14:18:00
SHORT,89478.3,89290.11602307379,0.0014020827912183617,WIN,False,2025-12-07 12:45:00,2025-12-07 13:10:00
LONG,91867.8,91709.13516759397,0.0017270995104491512,LOSS,False,2025-12-08 11:30:00,2025-12-08 12:34:00
LONG,91792.7,91637.5738989971,0.0016899611952028836,LOSS,False,2025-12-08 12:00:00,2025-12-08 12:40:00
LONG,91708.3,91950.77488260347,0.0017626531266596596,WIN,False,2025-12-08 12:30:00,2025-12-08 13:10:00
LONG,91424.0,91174.41798934362,0.002729939738541106,LOSS,False,2025-12-08 13:55:00,2025-12-08 14:25:00
LONG,91231.2,91589.9714804452,0.0026217016433354723,WIN,False,2025-12-08 14:20:00,2025-12-08 14:33:00
LONG,90973.7,91515.17046921942,0.0039679634093474385,WIN,True,2025-12-08 14:35:00,2025-12-08 14:46:00
SHORT,90304.3,89733.72559243951,0.004212235058282481,WIN,True,2025-12-08 18:05:00,2025-12-08 18:58:00
SHORT,90409.4,89888.08179722652,0.0038441297975171326,WIN,True,2025-12-08 18:20:00,2025-12-08 18:56:00
SHORT,90401.5,90558.57419368127,0.001737517559789037,LOSS,False,2025-12-09 12:00:00,2025-12-09 12:20:00
LONG,93288.8,92953.94427403777,0.0035894526026944416,LOSS,False,2025-12-09 20:15:00,2025-12-09 20:23:00
LONG,92804.2,92415.34209914757,0.004190089466343345,LOSS,False,2025-12-09 20:30:00,2025-12-09 21:47:00
LONG,92420.8,92635.25264428406,0.001546929149311655,WIN,False,2025-12-10 09:20:00,2025-12-10 09:46:00
LONG,92291.9,92053.69732428285,0.0025809705479802403,LOSS,False,2025-12-10 10:30:00,2025-12-10 11:40:00
LONG,91804.8,92122.71205352241,0.002308608798395502,WIN,False,2025-12-10 12:35:00,2025-12-10 13:20:00
LONG,91819.9,91608.47261826422,0.00230263136570374,LOSS,False,2025-12-10 14:35:00,2025-12-10 14:51:00
LONG,91780.0,91535.76991338428,0.0026610382067521372,LOSS,False,2025-12-10 14:50:00,2025-12-10 15:37:00
LONG,92006.0,92407.94543480886,0.0029124581354032374,WIN,False,2025-12-10 18:20:00,2025-12-10 18:32:00
SHORT,90363.8,90110.51475406274,0.001868633574781538,WIN,False,2025-12-11 09:15:00,2025-12-11 12:10:00
SHORT,90554.5,89917.16111321904,0.004692120117579008,WIN,True,2025-12-11 15:20:00,2025-12-11 15:38:00
SHORT,90287.9,90617.50512332747,0.00365060128020997,LOSS,False,2025-12-11 18:10:00,2025-12-11 18:42:00
SHORT,90530.0,90842.29226857788,0.003449599785461984,LOSS,False,2025-12-11 18:35:00,2025-12-11 18:42:00
LONG,92225.5,92080.09121524049,0.0015766657243333128,LOSS,False,2025-12-12 08:20:00,2025-12-12 08:46:00
LONG,92187.9,92403.7580631104,0.0015610006888857927,WIN,False,2025-12-12 08:35:00,2025-12-12 09:50:00
LONG,92236.3,92096.5948423602,0.0015146439920053784,LOSS,False,2025-12-12 11:15:00,2025-12-12 12:37:00
LONG,92149.6,92328.1511182625,0.001291748188181677,WIN,False,2025-12-12 12:25:00,2025-12-12 12:51:00
LONG,92061.9,92235.48376706366,0.001257007636989702,WIN,False,2025-12-12 12:40:00,2025-12-12 12:50:00
LONG,91747.3,91425.88922006685,0.0035032178596334797,LOSS,False,2025-12-12 15:15:00,2025-12-12 15:25:00
SHORT,90463.2,90363.99968270834,0.0007310546704196191,WIN,False,2025-12-13 08:25:00,2025-12-13 08:43:00
SHORT,90564.8,90447.68175045586,0.000862132230507115,WIN,False,2025-12-13 10:35:00,2025-12-13 11:21:00
SHORT,90143.9,90015.26959942006,0.0009512967642471476,WIN,False,2025-12-13 18:10:00,2025-12-13 20:58:00
SHORT,90198.3,90109.32011975555,0.0006576611772391679,WIN,False,2025-12-14 08:05:00,2025-12-14 08:46:00
SHORT,90227.5,90130.47087394421,0.0007169220474599075,WIN,False,2025-12-14 08:20:00,2025-12-14 08:42:00
SHORT,89216.0,88911.05944449815,0.002278668665574514,WIN,False,2025-12-14 16:20:00,2025-12-14 16:34:00
SHORT,86413.7,86568.64144937905,0.0017930195024523344,LOSS,False,2025-12-16 10:10:00,2025-12-16 10:39:00
SHORT,86716.9,86439.0825771136,0.0021358191454906197,WIN,False,2025-12-16 10:35:00,2025-12-16 10:36:00
SHORT,87000.1,87260.39831221609,0.0029919311841720415,LOSS,False,2025-12-16 10:50:00,2025-12-16 11:33:00
SHORT,87585.7,88096.35473860876,0.005830343750278381,LOSS,False,2025-12-16 15:45:00,2025-12-16 15:56:00
SHORT,86640.1,86837.75600076809,0.002281345482843112,LOSS,False,2025-12-17 10:10:00,2025-12-17 11:15:00
SHORT,86877.2,87060.07192427135,0.0021049472620129988,LOSS,False,2025-12-17 11:35:00,2025-12-17 11:51:00
SHORT,86923.5,87107.22978047527,0.0021136951511993986,LOSS,False,2025-12-17 11:50:00,2025-12-17 12:03:00
LONG,87575.3,87101.67548556499,0.005408197453334493,LOSS,False,2025-12-18 17:00:00,2025-12-18 17:06:00
LONG,87945.0,88278.91635726589,0.0025312514053547923,WIN,False,2025-12-19 12:05:00,2025-12-19 14:16:00
LONG,87730.9,88153.05243586449,0.0032079342311887617,WIN,True,2025-12-19 14:30:00,2025-12-19 14:44:00
LONG,87592.8,87125.07658395216,0.005339747285711232,LOSS,False,2025-12-19 17:25:00,2025-12-19 17:33:00
LONG,88190.0,88124.7129549652,0.0007402998643246875,LOSS,False,2025-12-20 09:55:00,2025-12-20 10:24:00
LONG,88100.0,88209.88115413809,0.000831488113038793,WIN,False,2025-12-20 10:20:00,2025-12-20 11:23:00
LONG,87995.2,87901.51969990408,0.0010646069341954934,LOSS,False,2025-12-20 13:15:00,2025-12-20 13:21:00
LONG,87987.6,88176.70110715654,0.0014327860377032569,WIN,False,2025-12-20 15:15:00,2025-12-20 15:16:00
LONG,88535.3,88388.4052137166,0.0016591663018412064,LOSS,False,2025-12-21 12:40:00,2025-12-21 13:04:00
LONG,88305.9,88591.45481535194,0.002155800200227804,WIN,False,2025-12-21 13:00:00,2025-12-21 13:01:00
LONG,88246.3,88044.66653806409,0.002284894232799713,LOSS,False,2025-12-21 13:15:00,2025-12-21 13:30:00
LONG,88192.2,88080.3412959569,0.0012683514419994813,LOSS,False,2025-12-21 20:50:00,2025-12-21 21:51:00
LONG,89613.4,90082.17822699939,0.0034874116817306014,WIN,False,2025-12-22 14:35:00,2025-12-22 14:47:00
LONG,89262.1,90001.05171103773,0.005518965765147104,WIN,True,2025-12-22 15:35:00,2025-12-22 16:20:00
LONG,89150.0,88781.4136101618,0.004134451933126072,LOSS,False,2025-12-22 17:05:00,2025-12-22 19:04:00
LONG,89104.8,88846.0343272015,0.002904059857588989,LOSS,False,2025-12-22 18:55:00,2025-12-22 19:02:00
SHORT,87843.5,87650.50728377613,0.001464670815893245,WIN,False,2025-12-23 11:15:00,2025-12-23 11:16:00
SHORT,88047.7,87426.37106502867,0.004704487340167723,WIN,True,2025-12-23 16:00:00,2025-12-23 16:01:00
SHORT,88129.0,87701.898489672,0.0032308813241799872,WIN,False,2025-12-23 20:45:00,2025-12-23 20:58:00
SHORT,87027.8,87162.90231786892,0.0015524041498109252,LOSS,False,2025-12-24 10:10:00,2025-12-24 11:04:00
SHORT,87455.2,87795.08255690252,0.003886361896176943,LOSS,False,2025-12-24 16:30:00,2025-12-24 22:09:00
SHORT,87547.2,87667.51733405479,0.0013743139021555075,LOSS,False,2025-12-24 20:00:00,2025-12-24 21:27:00
LONG,87986.6,87892.55489622032,0.0010688571189214338,LOSS,False,2025-12-25 20:20:00,2025-12-25 20:26:00
LONG,87785.9,87652.87168622304,0.0015153722155489937,LOSS,False,2025-12-25 20:35:00,2025-12-25 22:44:00
LONG,88571.9,88758.37575895198,0.0014035735107257835,WIN,False,2025-12-26 11:25:00,2025-12-26 13:11:00
LONG,88568.9,88749.13575707635,0.0013566519555310342,WIN,False,2025-12-26 11:40:00,2025-12-26 13:10:00
LONG,88507.5,88682.47136781951,0.0013179400451525565,WIN,False,2025-12-26 11:55:00,2025-12-26 12:12:00
LONG,88523.9,88782.59104026502,0.001948182281960324,WIN,False,2025-12-26 14:35:00,2025-12-26 14:36:00
SHORT,87427.9,87584.10742332571,0.0017866999358981846,LOSS,False,2025-12-26 19:40:00,2025-12-26 20:26:00
SHORT,87453.7,87607.08992676625,0.001753955827669405,LOSS,False,2025-12-26 19:55:00,2025-12-26 20:39:00
SHORT,87559.7,87712.4700184053,0.0017447526476828984,LOSS,False,2025-12-26 20:20:00,2025-12-26 20:45:00
SHORT,87600.0,87742.94800671884,0.0016318265607173112,LOSS,False,2025-12-26 20:35:00,2025-12-26 20:47:00
SHORT,87634.8,87412.74559725149,0.0016892406726438495,WIN,False,2025-12-26 20:50:00,2025-12-26 21:59:00
SHORT,87500.7,87415.3564028805,0.0006502317285804561,WIN,False,2025-12-27 14:55:00,2025-12-27 16:28:00
SHORT,87530.5,87444.46389549821,0.0006552847636103613,WIN,False,2025-12-27 15:30:00,2025-12-27 16:20:00
LONG,87797.7,87721.55008512545,0.0008673338239446215,LOSS,False,2025-12-28 15:55:00,2025-12-28 16:25:00
LONG,87737.0,87858.12453826022,0.0009203607619759959,WIN,False,2025-12-28 16:20:00,2025-12-28 17:11:00
LONG,87730.1,87672.70149638646,0.0006542623753254701,LOSS,False,2025-12-28 17:55:00,2025-12-28 18:02:00
LONG,89283.7,89110.84695697374,0.001935997758003521,LOSS,False,2025-12-29 09:25:00,2025-12-29 09:31:00
SHORT,87814.1,87478.44350345928,0.002548235393790105,WIN,False,2025-12-29 17:55:00,2025-12-29 18:42:00
LONG,88199.9,87901.98274198294,0.003377750519184849,LOSS,False,2025-12-30 17:45:00,2025-12-30 20:53:00
LONG,88173.3,87955.98985245214,0.0024645799527505054,LOSS,False,2025-12-30 18:50:00,2025-12-30 19:06:00
LONG,87967.1,88305.98011707142,0.0025682337833986715,WIN,False,2025-12-30 19:05:00,2025-12-30 19:29:00
LONG,88407.9,88545.63288155703,0.001038616696449407,WIN,False,2025-12-31 08:35:00,2025-12-31 09:04:00
LONG,88396.7,88537.50023352071,0.0010618815221285324,WIN,False,2025-12-31 08:50:00,2025-12-31 09:04:00
LONG,88702.5,88878.8210088951,0.0013251863167711893,WIN,False,2025-12-31 12:50:00,2025-12-31 13:51:00
LONG,88595.9,88423.09788391799,0.0019504527419666794,LOSS,False,2025-12-31 14:35:00,2025-12-31 14:45:00
LONG,88411.8,88196.81933344308,0.002431583414848606,LOSS,False,2025-12-31 14:50:00,2025-12-31 15:11:00
SHORT,87822.7,87887.07240750529,0.0007329814217201476,LOSS,False,2026-01-01 09:10:00,2026-01-01 09:18:00
LONG,89105.5,88947.55220251413,0.0017725931338230733,LOSS,False,2026-01-02 14:10:00,2026-01-02 14:18:00
LONG,88862.4,88663.91945660478,0.0022335717175679622,LOSS,False,2026-01-02 14:25:00,2026-01-02 14:32:00
LONG,89807.6,90351.82969671645,0.004039967639831823,WIN,True,2026-01-02 18:45:00,2026-01-02 22:48:00
LONG,89657.1,90202.1955151917,0.004053187200208349,WIN,True,2026-01-02 19:00:00,2026-01-02 22:05:00
LONG,89622.4,89991.29917294148,0.0027440994880854126,WIN,True,2026-01-02 20:50:00,2026-01-02 21:52:00
LONG,91313.5,91182.60527068793,0.0014334652522582092,LOSS,False,2026-01-04 11:10:00,2026-01-04 11:53:00
LONG,91199.1,91082.04349524181,0.0012835269729436667,LOSS,False,2026-01-04 11:50:00,2026-01-04 12:42:00
LONG,91058.5,91236.38880804065,0.0013023774682623713,WIN,False,2026-01-04 12:40:00,2026-01-04 13:55:00
LONG,91200.0,91112.43049700635,0.0009601919187900147,LOSS,False,2026-01-04 18:10:00,2026-01-04 18:22:00
LONG,91134.9,91045.69693947629,0.0009788024184335933,LOSS,False,2026-01-04 18:25:00,2026-01-04 18:36:00
LONG,91059.3,90942.95068277806,0.001277731294024352,LOSS,False,2026-01-04 19:00:00,2026-01-04 19:07:00
LONG,92324.3,92528.19957083423,0.0014723431125156362,WIN,False,2026-01-05 09:00:00,2026-01-05 09:18:00
LONG,92811.9,92647.6555421115,0.0017696486968641358,LOSS,False,2026-01-05 12:35:00,2026-01-05 13:36:00
LONG,92741.7,92979.56598431905,0.001709881562224698,WIN,False,2026-01-05 12:50:00,2026-01-05 13:07:00
LONG,92672.1,92514.2683148904,0.0017031197643045282,LOSS,False,2026-01-05 13:30:00,2026-01-05 13:42:00
LONG,92555.7,92801.89321912489,0.00177329773044695,WIN,False,2026-01-05 13:45:00,2026-01-05 14:04:00
LONG,93390.3,93842.70021166271,0.003229458959961294,WIN,False,2026-01-05 17:20:00,2026-01-05 17:41:00
LONG,93184.1,93405.2154834461,0.0015819256965231968,WIN,False,2026-01-06 08:45:00,2026-01-06 09:05:00
LONG,93635.1,93819.68245653118,0.001314197037444044,WIN,False,2026-01-06 13:35:00,2026-01-06 14:06:00
LONG,93437.0,93036.45105822523,0.004286834356569432,LOSS,False,2026-01-06 15:40:00,2026-01-06 16:25:00
LONG,93173.4,92817.60677873588,0.003818613695154623,LOSS,False,2026-01-06 16:20:00,2026-01-06 16:29:00
SHORT,92395.0,92658.23582799984,0.0028490267655159303,LOSS,False,2026-01-06 20:10:00,2026-01-06 20:43:00
SHORT,92596.9,92829.94949460334,0.002516817459367864,LOSS,False,2026-01-06 20:35:00,2026-01-06 21:13:00
SHORT,92137.9,91921.09450813205,0.0015687029396006236,WIN,False,2026-01-07 11:30:00,2026-01-07 12:41:00
SHORT,91613.4,91179.28736056447,0.003159018509195629,WIN,False,2026-01-07 17:30:00,2026-01-07 17:52:00
SHORT,90363.6,90048.02935173105,0.0023281546129115876,WIN,False,2026-01-08 10:50:00,2026-01-08 11:20:00
SHORT,90353.6,90742.1438057547,0.004300258160767179,LOSS,False,2026-01-08 15:15:00,2026-01-08 15:59:00
SHORT,91000.3,91361.58472239776,0.003970148696188482,LOSS,False,2026-01-08 17:00:00,2026-01-08 17:54:00
SHORT,90589.5,90730.97450419792,0.0015617097367566794,LOSS,False,2026-01-09 13:10:00,2026-01-09 13:30:00
SHORT,90605.8,90292.55034044161,0.002304853622751099,WIN,False,2026-01-09 13:30:00,2026-01-09 14:08:00
SHORT,90869.8,91258.54125471489,0.004278002754654205,LOSS,False,2026-01-09 15:20:00,2026-01-09 15:28:00
SHORT,90678.6,90593.81854595109,0.0006233110057494524,WIN,False,2026-01-10 08:00:00,2026-01-10 08:09:00
LONG,90783.9,90685.63013746332,0.0010824591423884283,LOSS,False,2026-01-11 18:35:00,2026-01-11 19:47:00
LONG,91308.1,91575.40974873285,0.0019517052611457495,WIN,False,2026-01-12 08:00:00,2026-01-12 08:13:00
LONG,91100.1,90901.94646265973,0.0021751187686981015,LOSS,False,2026-01-12 08:30:00,2026-01-12 08:36:00
SHORT,90806.2,90602.43586901078,0.0014959634253257983,WIN,False,2026-01-12 12:20:00,2026-01-12 13:07:00
LONG,91500.2,91286.66166469768,0.0023337471972991668,LOSS,False,2026-01-12 20:30:00,2026-01-12 21:02:00
LONG,91464.9,91265.15226943907,0.002183873054701054,LOSS,False,2026-01-12 20:45:00,2026-01-12 21:02:00
LONG,92015.9,92290.06753638836,0.001986377980242976,WIN,False,2026-01-13 10:40:00,2026-01-13 13:30:00
LONG,91931.8,92163.07388678037,0.001677141002209328,WIN,False,2026-01-13 12:00:00,2026-01-13 13:30:00
LONG,94918.6,95182.01763551985,0.0018501300800182448,WIN,False,2026-01-14 08:40:00,2026-01-14 10:16:00
LONG,94866.3,95100.8292803342,0.0016481390499696578,WIN,False,2026-01-14 08:55:00,2026-01-14 09:20:00
LONG,94799.9,95047.16779015303,0.0017388751827307073,WIN,False,2026-01-14 11:15:00,2026-01-14 12:23:00
LONG,94764.2,94995.14143044254,0.0016246742295968036,WIN,False,2026-01-14 11:50:00,2026-01-14 12:15:00
LONG,96346.7,96994.57016108333,0.004482908503583574,WIN,True,2026-01-14 18:35:00,2026-01-14 19:16:00
LONG,96571.9,96787.59261144629,0.0014889949798805354,WIN,False,2026-01-15 11:45:00,2026-01-15 12:52:00
LONG,96485.9,96850.43471219667,0.0025187425464700546,WIN,False,2026-01-15 14:30:00,2026-01-15 14:31:00
LONG,95982.1,95652.39038199803,0.0034351156934675255,LOSS,False,2026-01-15 14:45:00,2026-01-15 14:46:00
LONG,96206.7,95857.55461399112,0.0036291171613711134,LOSS,False,2026-01-15 18:10:00,2026-01-15 18:40:00
LONG,96143.1,95824.11225835951,0.0033178433152300313,LOSS,False,2026-01-15 18:25:00,2026-01-15 18:40:00
SHORT,95504.0,95352.19002885274,0.0010597110846824094,WIN,False,2026-01-16 12:20:00,2026-01-16 12:50:00
SHORT,95105.4,94723.15334071213,0.0026794599065027374,WIN,False,2026-01-16 18:05:00,2026-01-16 20:07:00
SHORT,95165.4,94813.9375862682,0.002462116229440466,WIN,False,2026-01-16 18:25:00,2026-01-16 19:29:00
SHORT,95200.5,95374.75549135264,0.001830405211659988,LOSS,False,2026-01-16 20:40:00,2026-01-16 20:55:00
SHORT,95246.1,95307.72330371576,0.0006469903094798618,LOSS,False,2026-01-17 11:30:00,2026-01-17 12:14:00
SHORT,95283.9,95336.94610031633,0.0005567163006167231,LOSS,False,2026-01-17 11:55:00,2026-01-17 12:16:00
SHORT,95307.8,95360.63250087282,0.0005543355409820247,LOSS,False,2026-01-17 12:10:00,2026-01-17 12:16:00
SHORT,95153.6,95204.67904408499,0.0005368062173682495,LOSS,False,2026-01-18 08:50:00,2026-01-18 09:33:00
SHORT,95153.6,95201.73689030901,0.0005058861704550163,LOSS,False,2026-01-18 09:10:00,2026-01-18 09:33:00
SHORT,95193.8,95247.7768995761,0.0005670211670939263,LOSS,False,2026-01-18 09:30:00,2026-01-18 09:48:00
SHORT,95239.0,95157.18883106667,0.0005726727421422537,WIN,False,2026-01-18 09:45:00,2026-01-18 10:03:00
SHORT,95196.6,95271.2831799727,0.000784515202987339,LOSS,False,2026-01-18 14:10:00,2026-01-18 14:15:00
SHORT,95122.2,95209.77105686568,0.0009206163951808825,LOSS,False,2026-01-18 16:05:00,2026-01-18 17:20:00
LONG,95258.4,95399.21464414003,0.0009854924020000558,WIN,False,2026-01-18 20:05:00,2026-01-18 20:29:00
SHORT,92864.2,93000.39641097648,0.0014666191166938936,LOSS,False,2026-01-19 08:15:00,2026-01-19 08:20:00
SHORT,93185.9,92895.29494315738,0.002079034538076494,WIN,False,2026-01-19 08:45:00,2026-01-19 09:19:00
SHORT,93217.3,93021.30022708427,0.0014017410424583688,WIN,False,2026-01-19 11:35:00,2026-01-19 12:03:00
SHORT,93083.6,93238.61272607032,0.0016653065209157034,LOSS,False,2026-01-19 16:00:00,2026-01-19 16:54:00
SHORT,93128.5,93276.1551101305,0.0015854986403785814,LOSS,False,2026-01-19 16:25:00,2026-01-19 16:54:00
SHORT,93323.3,93089.85292459332,0.0016676583833239373,WIN,False,2026-01-19 16:50:00,2026-01-19 18:04:00
SHORT,93179.0,93284.5906683073,0.001133202420151526,LOSS,False,2026-01-19 20:20:00,2026-01-19 21:06:00
SHORT,91173.9,91356.31212732312,0.0020007055453711855,LOSS,False,2026-01-20 10:15:00,2026-01-20 11:06:00
SHORT,91325.9,91102.05742644751,0.0016340203859838548,WIN,False,2026-01-20 11:00:00,2026-01-20 12:19:00
SHORT,91327.6,91114.43026272055,0.0015560811647990372,WIN,False,2026-01-20 11:15:00,2026-01-20 12:18:00
SHORT,89527.5,89894.00598044753,0.004093781022004786,LOSS,False,2026-01-21 14:10:00,2026-01-21 14:30:00
SHORT,89551.8,89943.34755431605,0.004372302447477852,LOSS,False,2026-01-21 14:25:00,2026-01-21 14:30:00
SHORT,89968.8,90101.3755511471,0.0014735725178849442,LOSS,False,2026-01-22 09:05:00,2026-01-22 11:11:00
SHORT,90056.7,89860.58335117063,0.0014518012824466346,WIN,False,2026-01-22 09:35:00,2026-01-22 12:02:00
SHORT,89470.1,89801.24697395887,0.003701202680659263,LOSS,False,2026-01-22 17:50:00,2026-01-22 19:38:00
SHORT,89680.1,89201.31142464235,0.0035592331361335387,WIN,True,2026-01-22 18:15:00,2026-01-22 19:01:00
SHORT,89804.3,89389.72333541606,0.0030776303924863416,WIN,False,2026-01-22 19:35:00,2026-01-22 20:54:00
SHORT,89255.7,89402.25504776645,0.0016419684991148664,LOSS,False,2026-01-23 11:30:00,2026-01-23 13:47:00
SHORT,89365.9,89477.19241284717,0.0012453565940385525,LOSS,False,2026-01-23 13:10:00,2026-01-23 14:22:00
SHORT,89409.0,89528.27917967337,0.0013340847081765896,LOSS,False,2026-01-23 14:10:00,2026-01-23 14:22:00
SHORT,89638.2,89429.09313534491,0.0015551916084518165,WIN,False,2026-01-23 14:25:00,2026-01-23 14:32:00
SHORT,89369.0,89229.5957585113,0.0010399149704312224,WIN,False,2026-01-24 17:15:00,2026-01-24 21:12:00
SHORT,89412.6,89325.2119518989,0.0006515714645818167,WIN,False,2026-01-24 18:35:00,2026-01-24 19:05:00
SHORT,88663.0,88520.03078146592,0.0010750009852594394,WIN,False,2026-01-25 11:30:00,2026-01-25 11:54:00
SHORT,88760.8,88873.28802476429,0.0012673164816483712,LOSS,False,2026-01-25 13:00:00,2026-01-25 13:51:00
SHORT,88911.4,88735.05316213933,0.0013222664199840886,WIN,False,2026-01-25 13:50:00,2026-01-25 14:23:00
SHORT,87980.2,87776.83346254531,0.001541002312298252,WIN,False,2026-01-26 13:30:00,2026-01-26 14:10:00
SHORT,88080.0,88313.42950219751,0.0026501987079645376,LOSS,False,2026-01-26 14:35:00,2026-01-26 14:41:00
SHORT,87894.8,88228.47082175121,0.003796252130401366,LOSS,False,2026-01-26 18:15:00,2026-01-26 18:30:00
SHORT,88058.3,87888.66107016732,0.0012842925639997022,WIN,False,2026-01-27 12:10:00,2026-01-27 13:09:00
LONG,88940.4,89142.92701944582,0.001518072922585052,WIN,False,2026-01-28 08:50:00,2026-01-28 09:36:00
LONG,89009.8,89598.6311818868,0.0044102348422069195,WIN,True,2026-01-28 19:40:00,2026-01-28 20:15:00
LONG,89004.6,88623.60041160301,0.0042806730033840765,LOSS,False,2026-01-28 20:45:00,2026-01-29 01:27:00
SHORT,88002.1,87773.8258686838,0.0017293082120859757,WIN,False,2026-01-29 12:05:00,2026-01-29 14:28:00
SHORT,82699.8,82938.56622483092,0.002887143920915594,LOSS,False,2026-01-30 10:45:00,2026-01-30 11:42:00
SHORT,82782.0,83007.52375945829,0.0027243091427882424,LOSS,False,2026-01-30 11:00:00,2026-01-30 11:52:00
SHORT,83184.5,82793.46953340175,0.003133840772405595,WIN,False,2026-01-30 11:50:00,2026-01-30 11:51:00
SHORT,83110.0,83410.85212206269,0.0036199268687604237,LOSS,False,2026-01-30 14:30:00,2026-01-30 14:39:00
SHORT,83476.8,82925.5810155767,0.004402173094187499,WIN,False,2026-01-30 14:45:00,2026-01-30 14:54:00
SHORT,83857.1,83857.1,0.007294618509550726,BE,True,2026-01-30 18:50:00,2026-01-30 18:54:00
SHORT,78733.0,78990.73860252435,0.0032735778202829784,LOSS,False,2026-02-01 08:35:00,2026-02-01 09:58:00
SHORT,78997.0,78666.70788557347,0.0027873810771423695,WIN,True,2026-02-01 09:55:00,2026-02-01 10:35:00
SHORT,79130.6,78774.27174730501,0.0030020266301952914,WIN,False,2026-02-01 10:10:00,2026-02-01 10:34:00
SHORT,77971.7,78390.17205845307,0.005366973638551822,LOSS,False,2026-02-01 18:00:00,2026-02-01 18:20:00
SHORT,78195.7,77587.913686723,0.005181753926596998,WIN,True,2026-02-01 18:15:00,2026-02-01 19:16:00
SHORT,76199.9,76907.14942101942,0.00928150064526893,LOSS,False,2026-02-03 20:30:00,2026-02-03 21:09:00
SHORT,73855.4,73855.4,0.010496365227248809,BE,True,2026-02-04 18:35:00,2026-02-04 18:38:00
SHORT,74044.1,73115.07600629759,0.00836460067898643,WIN,True,2026-02-04 20:00:00,2026-02-04 21:27:00
SHORT,71693.8,71083.37553102234,0.0056762181107029505,WIN,True,2026-02-05 09:05:00,2026-02-05 10:49:00
SHORT,70084.2,70084.2,0.006775662711197934,BE,True,2026-02-05 14:00:00,2026-02-05 14:25:00
SHORT,70370.0,70370.0,0.0070549501594147,BE,True,2026-02-05 14:30:00,2026-02-05 14:31:00
SHORT,65473.3,65971.32165784761,0.007606484747944637,LOSS,False,2026-02-06 09:20:00,2026-02-06 09:35:00
SHORT,65732.8,66231.63802197202,0.007588875294708359,LOSS,False,2026-02-06 09:35:00,2026-02-06 11:37:00
SHORT,66270.9,66634.85748531063,0.005491965331851818,LOSS,False,2026-02-06 11:40:00,2026-02-06 11:56:00
SHORT,66586.1,66586.1,0.005571213196866883,BE,True,2026-02-06 11:55:00,2026-02-06 13:01:00
SHORT,66838.7,66838.7,0.005119099087772266,BE,True,2026-02-06 13:00:00,2026-02-06 13:04:00
LONG,69939.0,70689.27760535855,0.007151733228085013,WIN,True,2026-02-06 20:55:00,2026-02-06 22:06:00
SHORT,68366.9,68712.94836162988,0.005061635990952987,LOSS,False,2026-02-07 12:00:00,2026-02-07 12:09:00
LONG,70870.4,70569.2480130007,0.004249333812131567,LOSS,False,2026-02-08 15:25:00,2026-02-08 16:48:00
LONG,70759.8,70495.88046967179,0.003729794746850877,LOSS,False,2026-02-08 16:40:00,2026-02-08 16:49:00
LONG,70388.7,70850.77820233113,0.0043764430212154025,WIN,True,2026-02-08 16:55:00,2026-02-08 18:04:00
LONG,70810.3,70570.04640414724,0.0033929187682124116,LOSS,False,2026-02-08 20:45:00,2026-02-08 21:51:00
LONG,70177.9,69910.73247203752,0.003807003742808972,LOSS,False,2026-02-09 08:20:00,2026-02-09 08:31:00
SHORT,69665.6,68928.82724619335,0.007050564925459584,WIN,True,2026-02-09 15:00:00,2026-02-09 15:25:00
SHORT,69896.3,70379.18671154551,0.0069086162149572345,LOSS,False,2026-02-09 16:40:00,2026-02-09 16:47:00
SHORT,69322.6,68947.21166636399,0.0036100620734173445,WIN,False,2026-02-10 09:00:00,2026-02-10 09:50:00
SHORT,68994.7,69246.22883704095,0.0036456254906674776,LOSS,False,2026-02-10 13:30:00,2026-02-10 14:16:00
SHORT,69461.6,69041.15424394196,0.004035282381997554,WIN,True,2026-02-10 14:15:00,2026-02-10 14:33:00
SHORT,66994.6,67242.41697582278,0.003699058966286315,LOSS,False,2026-02-11 11:20:00,2026-02-11 12:08:00
SHORT,67195.2,66851.25111124998,0.0034124351020114398,WIN,False,2026-02-11 12:05:00,2026-02-11 13:11:00
SHORT,67347.3,66984.78508251319,0.003588512258960199,WIN,True,2026-02-11 12:20:00,2026-02-11 12:52:00
SHORT,67478.3,67015.9848217149,0.004567544215795925,WIN,False,2026-02-11 13:30:00,2026-02-11 13:31:00
SHORT,67840.8,67840.8,0.005753122237792267,BE,True,2026-02-11 14:00:00,2026-02-11 14:04:00
SHORT,68276.5,67571.5939008769,0.006882857197064754,WIN,True,2026-02-11 14:15:00,2026-02-11 14:35:00
SHORT,67069.1,67479.38124304732,0.00611729161487635,LOSS,False,2026-02-11 18:35:00,2026-02-11 19:07:00
SHORT,67205.5,67602.95094423284,0.005913964545057244,LOSS,False,2026-02-11 18:50:00,2026-02-11 19:09:00
SHORT,67596.4,67596.4,0.006047669920597489,BE,True,2026-02-11 19:10:00,2026-02-11 20:48:00
SHORT,67245.5,67421.89539021873,0.002623155307325263,LOSS,False,2026-02-12 09:20:00,2026-02-12 09:33:00
SHORT,67392.8,67575.27555549868,0.002707641699093719,LOSS,False,2026-02-12 09:40:00,2026-02-12 09:56:00
SHORT,67517.7,67721.74775708112,0.0030221372629862285,LOSS,False,2026-02-12 09:55:00,2026-02-12 10:32:00
SHORT,65898.2,65276.85872454426,0.006285869977791358,WIN,True,2026-02-12 19:20:00,2026-02-12 20:50:00
SHORT,66019.7,65447.45212813525,0.005778556722359621,WIN,True,2026-02-12 19:45:00,2026-02-12 20:30:00
SHORT,66632.0,66850.15672102732,0.0032740533231379668,LOSS,False,2026-02-13 08:45:00,2026-02-13 09:33:00
SHORT,66745.1,66957.17748227983,0.0031774239948673426,LOSS,False,2026-02-13 09:05:00,2026-02-13 09:47:00
LONG,68774.3,69121.73298492483,0.003367856742269755,WIN,True,2026-02-13 20:10:00,2026-02-14 07:44:00
LONG,68716.8,69049.671366966,0.0032294030665572186,WIN,False,2026-02-13 20:50:00,2026-02-13 21:18:00
LONG,69447.2,69785.48504744004,0.0032474075982909,WIN,False,2026-02-14 16:15:00,2026-02-14 17:13:00
LONG,70262.1,70083.72292669734,0.0025387381433611637,LOSS,False,2026-02-15 10:10:00,2026-02-15 12:17:00
LONG,70195.4,70062.39034750496,0.0018948485583818282,LOSS,False,2026-02-15 12:05:00,2026-02-15 12:17:00
LONG,69956.6,69759.0987521792,0.0028231967794433146,LOSS,False,2026-02-15 12:45:00,2026-02-15 12:51:00
SHORT,68732.9,68861.95417878157,0.0018776187063485135,LOSS,False,2026-02-16 08:40:00,2026-02-16 09:04:00
SHORT,68925.7,68717.65161455458,0.0020122961918453987,WIN,False,2026-02-16 09:00:00,2026-02-16 09:01:00
SHORT,68938.2,68715.7941573188,0.0021507750679226213,WIN,False,2026-02-16 09:30:00,2026-02-16 10:26:00
SHORT,68089.9,68309.9311005177,0.0032314792725162533,LOSS,False,2026-02-16 18:05:00,2026-02-16 20:52:00
SHORT,68149.0,67842.31957297519,0.0030000971109853864,WIN,False,2026-02-16 18:20:00,2026-02-16 18:57:00
SHORT,68199.9,68378.83741576406,0.002623719620763115,LOSS,False,2026-02-16 20:25:00,2026-02-16 20:52:00
SHORT,68375.4,68573.96467610463,0.002904036774989631,LOSS,False,2026-02-16 20:50:00,2026-02-16 21:09:00
SHORT,68076.8,68238.98463096628,0.002382377417362242,LOSS,False,2026-02-17 12:25:00,2026-02-17 12:35:00
SHORT,68150.0,67911.3581263304,0.0023344766316420068,WIN,False,2026-02-17 12:40:00,2026-02-17 12:57:00
SHORT,68311.5,67981.17868184739,0.003223677010484814,WIN,True,2026-02-17 13:20:00,2026-02-17 13:31:00
SHORT,67899.1,67899.1,0.0059344716748001005,BE,True,2026-02-17 16:15:00,2026-02-17 16:36:00
SHORT,67645.4,68028.48912828008,0.005663195550327022,LOSS,False,2026-02-17 18:20:00,2026-02-17 18:41:00
SHORT,67797.0,68150.28267668781,0.005210889518530501,LOSS,False,2026-02-17 18:35:00,2026-02-17 18:57:00
SHORT,66940.4,66390.04074222423,0.005481087233576617,WIN,True,2026-02-19 17:15:00,2026-02-19 17:49:00
LONG,67718.0,67925.2664217586,0.002040485757194996,WIN,True,2026-02-20 08:30:00,2026-02-20 09:02:00
LONG,67942.5,67788.10692462057,0.0022724079240450234,LOSS,False,2026-02-20 10:50:00,2026-02-20 10:55:00
LONG,68050.0,67960.13856109216,0.0013205207774848124,LOSS,False,2026-02-21 11:45:00,2026-02-21 12:11:00
LONG,67978.4,67886.4947975675,0.001351976545969005,LOSS,False,2026-02-21 12:05:00,2026-02-21 12:31:00
LONG,67955.8,68084.24473200302,0.001260081131196282,WIN,False,2026-02-21 12:20:00,2026-02-21 12:49:00
LONG,68403.5,68297.84143000083,0.001544636897222653,LOSS,False,2026-02-21 20:35:00,2026-02-21 20:40:00
LONG,68315.6,68202.94678269382,0.0016490116065171808,LOSS,False,2026-02-21 20:50:00,2026-02-21 20:59:00
SHORT,67458.0,67556.7348486092,0.0014636492129797966,LOSS,False,2026-02-22 19:05:00,2026-02-22 21:38:00
SHORT,66114.6,66313.03937096971,0.0030014455350210784,LOSS,False,2026-02-23 09:30:00,2026-02-23 09:46:00
SHORT,66282.9,66485.53646064884,0.0030571453670381094,LOSS,False,2026-02-23 09:45:00,2026-02-23 10:01:00
SHORT,63735.3,64077.9272912726,0.005375785338306906,LOSS,False,2026-02-24 15:15:00,2026-02-24 16:02:00
SHORT,64393.7,63891.2237439472,0.005202126461157911,WIN,True,2026-02-24 17:05:00,2026-02-24 18:14:00
SHORT,64451.4,64704.4277604815,0.003925869111943213,LOSS,False,2026-02-24 18:45:00,2026-02-24 19:06:00
SHORT,64529.0,64139.14692053655,0.004027678299301637,WIN,True,2026-02-24 19:05:00,2026-02-24 21:04:00
LONG,65263.9,65484.55153113399,0.002253941624021786,WIN,False,2026-02-25 11:05:00,2026-02-25 12:02:00
LONG,68599.9,69078.1352717872,0.004647579872926965,WIN,True,2026-02-25 20:10:00,2026-02-25 20:32:00
LONG,67848.2,68121.0704398963,0.002681185744021779,WIN,False,2026-02-26 08:00:00,2026-02-26 08:20:00
LONG,68053.0,67876.41151919897,0.0025948669537130143,LOSS,False,2026-02-26 11:40:00,2026-02-26 13:55:00
LONG,67811.9,68103.38525897021,0.0028656254430290927,WIN,False,2026-02-26 14:00:00,2026-02-26 14:24:00
LONG,67334.3,67334.3,0.004810939384849417,BE,True,2026-02-26 14:45:00,2026-02-26 15:09:00
LONG,67569.4,67358.29044214472,0.003124336724246097,LOSS,False,2026-02-27 09:40:00,2026-02-27 09:45:00
LONG,67318.4,67079.44932630901,0.0035495596106113014,LOSS,False,2026-02-27 09:55:00,2026-02-27 10:11:00
SHORT,65555.9,65226.122461405525,0.0033536522631268076,WIN,True,2026-02-27 20:15:00,2026-02-27 22:34:00
SHORT,64116.1,64116.1,0.004009890822026573,BE,True,2026-02-28 11:00:00,2026-02-28 13:16:00
SHORT,64500.1,64124.84117463489,0.0038786381764277403,WIN,True,2026-02-28 13:45:00,2026-02-28 13:46:00
SHORT,65395.4,65663.97458896962,0.004106933958193237,LOSS,False,2026-02-28 17:55:00,2026-02-28 18:37:00
LONG,66486.4,66852.6923522326,0.0036728549220351285,WIN,False,2026-03-01 08:50:00,2026-03-01 08:51:00
LONG,66259.2,66508.68232564321,0.0025101653872792143,WIN,True,2026-03-01 12:30:00,2026-03-01 13:51:00
LONG,68742.1,68742.1,0.005693990764692993,BE,True,2026-03-02 19:05:00,2026-03-02 20:10:00
LONG,67898.1,67674.11313109103,0.0032988679934927326,LOSS,False,2026-03-03 08:20:00,2026-03-03 08:26:00
LONG,67481.9,67238.15136625618,0.003612059437327739,LOSS,False,2026-03-03 08:35:00,2026-03-03 08:45:00
SHORT,67210.4,67472.3356925482,0.0038972494219376426,LOSS,False,2026-03-03 12:00:00,2026-03-03 12:09:00
LONG,68107.2,68678.4250426193,0.005591430789689418,WIN,True,2026-03-03 20:10:00,2026-03-03 23:12:00
LONG,72971.8,73459.976805715,0.004459958556730142,WIN,True,2026-03-04 20:55:00,2026-03-04 22:01:00
LONG,72456.9,72183.40873755405,0.0037745371723870297,LOSS,False,2026-03-05 13:20:00,2026-03-05 13:32:00
LONG,72337.0,72770.9101513814,0.003998969189408812,WIN,True,2026-03-05 13:35:00,2026-03-05 14:34:00
LONG,71967.6,72547.99095536003,0.0053764097117778905,WIN,True,2026-03-05 14:40:00,2026-03-05 14:56:00
LONG,71640.4,71151.28781919548,0.00682732342092618,LOSS,False,2026-03-05 15:15:00,2026-03-05 15:30:00
LONG,71293.5,71293.5,0.0068087547492488324,BE,True,2026-03-05 15:30:00,2026-03-05 16:04:00
SHORT,68021.3,67843.64447467864,0.0017411754388832116,WIN,False,2026-03-07 10:00:00,2026-03-07 10:57:00
SHORT,68159.9,67957.52818582594,0.001979382933113221,WIN,False,2026-03-07 11:10:00,2026-03-07 11:11:00
SHORT,68027.0,67801.25755059134,0.0022122828622817064,WIN,False,2026-03-07 14:35:00,2026-03-07 14:36:00
SHORT,67862.8,67687.95234794583,0.001717658295405571,WIN,False,2026-03-07 17:20:00,2026-03-07 18:01:00
SHORT,67456.1,67597.38388533115,0.002094456770123826,LOSS,False,2026-03-08 08:40:00,2026-03-08 09:13:00
SHORT,67490.9,67630.71656197977,0.002071635760966097,LOSS,False,2026-03-08 08:55:00,2026-03-08 09:13:00
SHORT,67730.0,67891.4564455793,0.002383824680042776,LOSS,False,2026-03-08 09:10:00,2026-03-08 10:17:00
SHORT,67169.4,67353.05077010563,0.0027341433763832398,LOSS,False,2026-03-08 19:25:00,2026-03-08 19:43:00
SHORT,67323.3,67052.13108131081,0.0026852409065824833,WIN,False,2026-03-08 19:40:00,2026-03-08 20:16:00
LONG,68589.8,68286.90355096983,0.0044160567464867516,LOSS,False,2026-03-09 17:25:00,2026-03-09 17:43:00
LONG,68374.1,68840.16801121683,0.004544293928225434,WIN,True,2026-03-09 17:40:00,2026-03-09 19:21:00
LONG,70450.1,70754.13361615829,0.0028770587612912822,WIN,False,2026-03-10 12:00:00,2026-03-10 13:15:00
LONG,70356.6,70652.20616246069,0.0028010275507029513,WIN,False,2026-03-10 12:25:00,2026-03-10 13:05:00
LONG,70225.1,70608.14740035059,0.0036363769302864995,WIN,True,2026-03-10 13:30:00,2026-03-10 13:31:00
LONG,70633.8,70243.12224459532,0.005531031254225022,LOSS,False,2026-03-10 17:35:00,2026-03-10 18:19:00
LONG,70333.8,70333.8,0.005606205403331921,BE,True,2026-03-10 18:10:00,2026-03-10 18:14:00
LONG,70414.5,70921.75156620912,0.00480252946205797,WIN,True,2026-03-11 18:35:00,2026-03-11 22:13:00
LONG,70388.2,70713.45715546855,0.0030806030505922807,WIN,False,2026-03-11 20:10:00,2026-03-11 21:00:00
LONG,70073.1,70401.49710741184,0.003124328807220219,WIN,False,2026-03-12 13:20:00,2026-03-12 13:36:00
LONG,69870.5,70322.4252189417,0.004312026954071695,WIN,True,2026-03-12 13:50:00,2026-03-12 14:04:00
LONG,69971.1,70433.48678889307,0.004405502546937955,WIN,True,2026-03-12 18:20:00,2026-03-12 19:50:00
LONG,71166.6,70780.85176070809,0.00542035504424707,LOSS,False,2026-03-13 17:40:00,2026-03-13 22:02:00
SHORT,70626.6,70732.2161270066,0.0014954157074897258,LOSS,False,2026-03-14 11:15:00,2026-03-14 11:51:00
SHORT,70649.9,70750.42045591598,0.0014227968605191876,LOSS,False,2026-03-14 11:30:00,2026-03-14 12:02:00
SHORT,70698.9,70792.91619593566,0.0013298112974269353,LOSS,False,2026-03-14 11:45:00,2026-03-14 12:02:00
SHORT,70739.7,70594.54795054447,0.001367945198669936,WIN,False,2026-03-14 12:00:00,2026-03-14 12:36:00
SHORT,70870.4,70705.63790824714,0.0015498909911881638,WIN,False,2026-03-14 13:25:00,2026-03-14 14:13:00
SHORT,70690.2,70753.34887690817,0.0008933186906838905,LOSS,False,2026-03-14 19:40:00,2026-03-14 20:41:00
SHORT,70806.9,70705.0870905129,0.0009585968739119293,WIN,False,2026-03-14 20:40:00,2026-03-14 21:03:00
LONG,71540.6,71428.65257964288,0.001564809637564185,LOSS,False,2026-03-15 12:40:00,2026-03-15 13:08:00
LONG,71382.9,71579.86988484148,0.001839561807673695,WIN,False,2026-03-15 13:05:00,2026-03-15 13:06:00
LONG,71385.9,71629.52771469543,0.0022752178856555822,WIN,False,2026-03-15 18:45:00,2026-03-15 18:46:00
LONG,73213.2,72972.09603548775,0.0032931761555600888,LOSS,False,2026-03-16 08:30:00,2026-03-16 08:44:00
LONG,73914.1,73700.74814191533,0.0028864838790524238,LOSS,False,2026-03-17 09:50:00,2026-03-17 10:06:00
LONG,73623.0,73969.91445820629,0.003141359432118379,WIN,False,2026-03-17 10:05:00,2026-03-17 11:11:00
LONG,74329.9,74651.60339762483,0.0028853655359403966,WIN,False,2026-03-17 20:10:00,2026-03-17 21:12:00
LONG,73947.8,73825.903729746,0.0016484096924317877,LOSS,False,2026-03-18 10:35:00,2026-03-18 10:44:00
LONG,73866.7,73732.84478653496,0.001812118498119374,LOSS,False,2026-03-18 10:50:00,2026-03-18 11:06:00
SHORT,70413.5,70005.16854793987,0.00386603375830043,WIN,True,2026-03-19 09:40:00,2026-03-19 11:37:00
SHORT,69819.7,70135.69052911544,0.004525807603232754,LOSS,False,2026-03-19 17:50:00,2026-03-19 19:06:00
SHORT,69974.2,70223.46588268154,0.003562254126257214,LOSS,False,2026-03-19 19:00:00,2026-03-19 19:10:00
SHORT,70503.9,70503.9,0.004311890288682709,BE,True,2026-03-19 19:15:00,2026-03-19 20:39:00
SHORT,70543.0,70162.87285132965,0.00359239186189373,WIN,True,2026-03-19 20:35:00,2026-03-19 22:33:00
SHORT,70691.4,70388.04259211778,0.00286086103714843,WIN,False,2026-03-20 11:05:00,2026-03-20 11:38:00
SHORT,69970.8,69566.05798897342,0.003856294444983562,WIN,True,2026-03-20 17:55:00,2026-03-20 18:30:00
SHORT,70141.9,69749.01486503366,0.0037341934465830767,WIN,True,2026-03-20 19:55:00,2026-03-20 20:35:00
SHORT,70434.9,70324.2089676443,0.0010476911526879854,WIN,False,2026-03-21 20:30:00,2026-03-21 21:23:00
SHORT,68622.5,68190.91354218518,0.004192856646287623,WIN,True,2026-03-23 08:10:00,2026-03-23 09:06:00
SHORT,68587.5,68827.63942333923,0.0035012126603132902,LOSS,False,2026-03-23 10:05:00,2026-03-23 11:05:00
LONG,70864.1,70494.78193963619,0.005211638338225054,LOSS,False,2026-03-23 15:25:00,2026-03-23 15:46:00
LONG,70636.6,70277.36861201921,0.005085626827746441,LOSS,False,2026-03-23 15:40:00,2026-03-23 15:54:00
LONG,70112.2,70112.2,0.00574960375774472,BE,True,2026-03-23 15:55:00,2026-03-23 16:30:00
LONG,70740.0,70500.73991180681,0.0033822460869830785,LOSS,False,2026-03-23 19:50:00,2026-03-23 22:32:00
LONG,70645.0,70414.55431349839,0.0032620240144611927,LOSS,False,2026-03-23 20:05:00,2026-03-23 23:19:00
LONG,70862.0,70679.27987253091,0.0025785347219820114,LOSS,False,2026-03-24 12:40:00,2026-03-24 13:09:00
LONG,70690.1,70993.61676567534,0.002862416525796685,WIN,False,2026-03-24 13:05:00,2026-03-24 13:06:00
LONG,70569.9,70354.38484972488,0.003053924552466606,LOSS,False,2026-03-24 13:25:00,2026-03-24 13:40:00
LONG,70284.6,70031.50579987084,0.0036009908305541056,LOSS,False,2026-03-24 13:40:00,2026-03-24 13:52:00
SHORT,69714.3,69293.81898215655,0.004020992516059195,WIN,True,2026-03-24 18:35:00,2026-03-24 19:46:00
SHORT,69926.7,70144.1989309013,0.0031103846013225134,LOSS,False,2026-03-24 20:20:00,2026-03-24 20:26:00
LONG,70774.6,71007.51863049596,0.0021939945545055516,WIN,False,2026-03-25 08:10:00,2026-03-25 08:19:00
LONG,71190.2,71564.74475454546,0.003507456125004702,WIN,True,2026-03-25 12:20:00,2026-03-25 12:55:00
LONG,71315.3,71011.69315808637,0.0042572469289708205,LOSS,False,2026-03-25 14:15:00,2026-03-25 15:07:00
LONG,70891.2,70597.61292147223,0.004141375495516502,LOSS,False,2026-03-25 15:05:00,2026-03-25 15:16:00
LONG,70681.1,70989.24914409824,0.0029064737635967923,WIN,False,2026-03-25 20:05:00,2026-03-25 20:51:00
SHORT,69460.0,69245.01621434673,0.002063382144671053,WIN,False,2026-03-26 13:05:00,2026-03-26 13:33:00
SHORT,69614.6,69823.17993872376,0.002996209684803879,LOSS,False,2026-03-26 13:45:00,2026-03-26 13:52:00
SHORT,69169.2,68732.59448760583,0.0042080917748955095,WIN,False,2026-03-26 20:10:00,2026-03-26 20:11:00
SHORT,66498.9,66016.3399774922,0.004837774484568392,WIN,True,2026-03-27 15:30:00,2026-03-27 16:00:00
SHORT,66040.1,66250.58864315074,0.003187285348609815,LOSS,False,2026-03-27 20:00:00,2026-03-27 23:44:00
SHORT,66297.4,66376.73889837069,0.001196712063681106,LOSS,False,2026-03-28 11:30:00,2026-03-28 12:14:00
SHORT,66367.1,66450.26027068125,0.0012530345710636739,LOSS,False,2026-03-28 12:10:00,2026-03-28 12:17:00
SHORT,66590.1,66692.31027437108,0.0015349169677034786,LOSS,False,2026-03-28 13:30:00,2026-03-28 13:36:00
SHORT,66811.6,66975.15831734448,0.0024480526936112284,LOSS,False,2026-03-28 13:45:00,2026-03-28 13:48:00
SHORT,67007.3,67180.26674188374,0.0025813119150262715,LOSS,False,2026-03-28 15:15:00,2026-03-28 15:20:00
SHORT,66938.7,66812.11167797854,0.0012607387756405207,WIN,False,2026-03-28 20:00:00,2026-03-28 21:08:00
SHORT,66655.3,66489.78575827536,0.0016554246671520592,WIN,False,2026-03-29 11:00:00,2026-03-29 11:01:00
SHORT,66779.9,66903.52490623639,0.001851229280612834,LOSS,False,2026-03-29 11:15:00,2026-03-29 11:46:00
SHORT,66844.8,66970.2671802639,0.0018769923803181857,LOSS,False,2026-03-29 11:35:00,2026-03-29 11:46:00
SHORT,66516.8,66620.28815315629,0.001555819780210198,LOSS,False,2026-03-29 20:15:00,2026-03-29 20:20:00
SHORT,66653.3,66474.7111302017,0.0017862468404745053,WIN,False,2026-03-29 20:30:00,2026-03-29 22:01:00
LONG,67449.0,67694.46628043253,0.0024261914476866866,WIN,False,2026-03-30 09:30:00,2026-03-30 11:26:00
LONG,67434.8,67649.7658900214,0.0021251726608161486,WIN,False,2026-03-30 10:00:00,2026-03-30 11:26:00
LONG,67391.0,67579.32158369414,0.0018629746177198894,WIN,False,2026-03-30 10:25:00,2026-03-30 11:22:00
LONG,67102.8,66883.5516726622,0.0032673499069755937,LOSS,False,2026-03-30 17:15:00,2026-03-30 17:23:00
SHORT,66962.1,67179.41041311859,0.003245274761672467,LOSS,False,2026-03-31 13:35:00,2026-03-31 13:46:00
LONG,68458.0,68246.5903564044,0.003088165643103797,LOSS,False,2026-04-01 09:05:00,2026-04-01 12:39:00
LONG,68399.1,68698.99823450048,0.002923023202551629,WIN,False,2026-04-01 09:20:00,2026-04-01 11:53:00
LONG,68248.5,68248.5,0.0025790197406611167,BE,True,2026-04-01 12:35:00,2026-04-01 12:44:00
LONG,68076.6,68509.3421020431,0.004237795875460757,WIN,True,2026-04-01 13:40:00,2026-04-01 14:30:00
LONG,68380.4,68126.29687494067,0.0037160227939485734,LOSS,False,2026-04-01 17:30:00,2026-04-01 18:01:00
LONG,68283.9,68034.40813930199,0.0036537435720280596,LOSS,False,2026-04-01 17:45:00,2026-04-01 18:02:00
LONG,68018.4,68409.1938509221,0.0038302758363630294,WIN,True,2026-04-01 18:00:00,2026-04-01 21:25:00
SHORT,67074.7,67332.07375198358,0.0038371211795743083,LOSS,False,2026-04-02 16:35:00,2026-04-02 17:16:00
SHORT,67137.6,67379.8916848061,0.0036088821287341907,LOSS,False,2026-04-02 16:50:00,2026-04-02 17:16:00
SHORT,67295.0,66899.9323901684,0.00391378864038037,WIN,True,2026-04-02 17:15:00,2026-04-02 17:42:00
SHORT,67017.6,66704.9029527358,0.003110596293751636,WIN,False,2026-04-02 19:10:00,2026-04-02 21:11:00
SHORT,66904.9,67011.59761020518,0.0015947652594232287,LOSS,False,2026-04-03 11:25:00,2026-04-03 11:43:00
SHORT,66965.0,67075.75506545948,0.0016539246689983105,LOSS,False,2026-04-03 11:40:00,2026-04-03 12:28:00
SHORT,66983.4,67090.79046239593,0.00160323994297003,LOSS,False,2026-04-03 11:55:00,2026-04-03 12:28:00
SHORT,66878.1,67040.8146930368,0.0024330041229757853,LOSS,False,2026-04-03 14:25:00,2026-04-03 16:49:00
SHORT,66959.0,66798.702042286,0.0015959811995799485,WIN,False,2026-04-03 16:25:00,2026-04-03 17:17:00
SHORT,66870.3,66943.78080882624,0.0010988556777257969,LOSS,False,2026-04-03 19:45:00,2026-04-03 21:59:00
LONG,67045.7,67135.05782436959,0.0008885265261316745,WIN,False,2026-04-04 14:35:00,2026-04-04 14:36:00
LONG,67163.0,67289.74551640368,0.0012580886937120683,WIN,False,2026-04-04 20:00:00,2026-04-04 21:43:00
SHORT,66930.5,66999.92662169703,0.0010372942335261082,LOSS,False,2026-04-05 09:00:00,2026-04-05 09:49:00
SHORT,66980.0,67053.04981107582,0.0010906212462797364,LOSS,False,2026-04-05 09:20:00,2026-04-05 10:36:00
SHORT,66986.9,67055.64343903936,0.001026222127600599,LOSS,False,2026-04-05 09:40:00,2026-04-05 10:36:00
SHORT,66929.0,67032.446229152,0.0015456114561998673,LOSS,False,2026-04-05 14:00:00,2026-04-05 15:25:00
SHORT,66960.2,67044.69656292243,0.0012618923318991992,LOSS,False,2026-04-05 15:20:00,2026-04-05 15:25:00
LONG,67250.0,67407.05349529133,0.0015569119731483005,WIN,False,2026-04-05 19:45:00,2026-04-05 20:24:00
LONG,69544.4,69399.11810062785,0.0020890524524209394,LOSS,False,2026-04-06 12:00:00,2026-04-06 12:27:00
LONG,69469.5,69333.48725718535,0.0019578770944753132,LOSS,False,2026-04-06 12:20:00,2026-04-06 12:52:00
LONG,69370.0,69227.88797400659,0.002048609283456992,LOSS,False,2026-04-06 12:45:00,2026-04-06 13:36:00
LONG,69302.3,69499.2640302915,0.0018947329818441486,WIN,False,2026-04-06 13:15:00,2026-04-06 13:30:00
LONG,69165.0,69499.2016761503,0.0032212985965956887,WIN,False,2026-04-06 14:00:00,2026-04-06 14:20:00
SHORT,68551.5,68236.99280195708,0.0030585977748400148,WIN,False,2026-04-07 13:05:00,2026-04-07 13:47:00
SHORT,68250.0,68477.88087174518,0.003338913871724108,LOSS,False,2026-04-07 16:00:00,2026-04-07 17:32:00
SHORT,68358.1,68576.42835558266,0.003193891515162705,LOSS,False,2026-04-07 16:25:00,2026-04-07 17:36:00
SHORT,68463.5,68644.44171775902,0.002642893187742728,LOSS,False,2026-04-07 17:30:00,2026-04-07 17:36:00
LONG,71560.8,71766.6072082303,0.0019173179378495055,WIN,False,2026-04-08 09:40:00,2026-04-08 10:02:00
LONG,71453.3,71659.95116249939,0.0019280766831799294,WIN,False,2026-04-08 10:30:00,2026-04-08 11:51:00
LONG,71368.2,71708.6659438798,0.003180370191764194,WIN,False,2026-04-08 18:15:00,2026-04-08 18:16:00
LONG,71265.3,71032.91052782327,0.003260906390301096,LOSS,False,2026-04-08 18:40:00,2026-04-08 19:00:00
LONG,71064.9,71394.62307964957,0.0030931639449720077,WIN,False,2026-04-08 18:55:00,2026-04-08 20:07:00
LONG,71159.9,71032.72855866067,0.0017871222604207788,LOSS,False,2026-04-09 11:10:00,2026-04-09 11:26:00
LONG,71039.9,71238.24870988837,0.0018613831559295493,WIN,False,2026-04-09 11:25:00,2026-04-09 12:27:00
LONG,70955.0,70797.16855420536,0.0022243879331215813,LOSS,False,2026-04-09 13:30:00,2026-04-09 13:38:00
LONG,70850.3,70662.18668498148,0.002655081418406462,LOSS,False,2026-04-09 13:45:00,2026-04-09 13:56:00
LONG,70747.3,70549.2571963937,0.0027992983987559132,LOSS,False,2026-04-09 14:00:00,2026-04-09 14:27:00
LONG,72421.0,72871.57055858475,0.004147697109813858,WIN,True,2026-04-10 15:55:00,2026-04-10 16:51:00
LONG,72625.4,72725.22135235283,0.0009163125880921405,WIN,False,2026-04-11 08:55:00,2026-04-11 09:15:00
LONG,72704.8,72617.16535223152,0.0012053488596143434,LOSS,False,2026-04-11 13:05:00,2026-04-11 13:10:00
SHORT,70990.7,71094.66888688153,0.0014645423538791201,LOSS,False,2026-04-12 17:45:00,2026-04-12 17:51:00
SHORT,71112.6,70928.85194361587,0.0017226019616227081,WIN,False,2026-04-12 18:00:00,2026-04-12 20:16:00
SHORT,71145.8,70972.85744800532,0.0016205459024021323,WIN,False,2026-04-12 18:35:00,2026-04-12 20:08:00
SHORT,71284.0,71391.8032180603,0.0015123059601073875,LOSS,False,2026-04-12 20:40:00,2026-04-12 20:43:00
SHORT,71302.9,71119.66113151687,0.0017132437201771407,WIN,False,2026-04-12 20:55:00,2026-04-12 21:14:00
SHORT,70898.6,71006.51068274544,0.0015220425050061122,LOSS,False,2026-04-13 11:40:00,2026-04-13 12:08:00
SHORT,71172.6,70948.90104940551,0.0020953658251864635,WIN,False,2026-04-13 12:50:00,2026-04-13 12:51:00
LONG,74474.1,74307.85482096144,0.0022322549589530896,LOSS,False,2026-04-14 09:40:00,2026-04-14 10:45:00
LONG,74360.7,74584.7752731579,0.002008904104434082,WIN,False,2026-04-14 10:35:00,2026-04-14 13:18:00
LONG,74327.5,74540.31478685419,0.001908802590823794,WIN,False,2026-04-14 10:50:00,2026-04-14 13:02:00
LONG,74736.1,74426.50738416315,0.0041424775421362876,LOSS,False,2026-04-14 16:50:00,2026-04-14 17:33:00
LONG,74304.6,74763.59283418603,0.004118119507953515,WIN,True,2026-04-14 17:30:00,2026-04-14 18:04:00
LONG,74137.0,73863.4426106571,0.0036898901944090534,LOSS,False,2026-04-14 18:35:00,2026-04-14 18:48:00
LONG,73796.6,74021.79352697825,0.0020343622603954106,WIN,False,2026-04-15 10:30:00,2026-04-15 10:45:00
LONG,73829.3,74155.62371985472,0.0029466505380628992,WIN,False,2026-04-15 13:40:00,2026-04-15 14:15:00
LONG,74564.0,74425.18600739575,0.0018616757765710485,LOSS,False,2026-04-16 09:45:00,2026-04-16 10:06:00
LONG,74516.1,74369.67761628567,0.0019649764777589264,LOSS,False,2026-04-16 10:05:00,2026-04-16 10:14:00
LONG,77448.9,77109.13747854214,0.004386925075215476,LOSS,False,2026-04-17 17:10:00,2026-04-17 17:24:00
LONG,77189.9,77189.9,0.004423481915276763,BE,True,2026-04-17 17:25:00,2026-04-17 18:06:00
LONG,76761.5,76917.18997586446,0.0013521533222118848,WIN,False,2026-04-18 08:10:00,2026-04-18 08:11:00
LONG,76644.7,76509.67725292171,0.001761671023283795,LOSS,False,2026-04-18 08:25:00,2026-04-18 08:35:00
SHORT,75746.6,75566.90849850752,0.001581514342931935,WIN,False,2026-04-18 20:40:00,2026-04-18 21:20:00
SHORT,75161.3,75280.13019285932,0.0015810023623768917,LOSS,False,2026-04-19 10:50:00,2026-04-19 11:08:00
SHORT,75395.7,75202.37553732948,0.0017094207642302614,WIN,False,2026-04-19 11:05:00,2026-04-19 11:06:00
SHORT,75637.9,75780.22044822844,0.0018816023214347207,LOSS,False,2026-04-19 13:00:00,2026-04-19 13:17:00
SHORT,75045.5,75289.9526937128,0.0032573930976912517,LOSS,False,2026-04-20 09:20:00,2026-04-20 10:11:00
SHORT,75120.9,75344.54749935263,0.0029771674640830864,LOSS,False,2026-04-20 09:40:00,2026-04-20 10:19:00
LONG,76212.8,76023.34775391239,0.0024858323810122936,LOSS,False,2026-04-21 12:10:00,2026-04-21 12:40:00
LONG,75783.4,76168.28212533997,0.0033858085485737564,WIN,False,2026-04-21 12:40:00,2026-04-21 14:17:00
LONG,78778.3,78504.73262010272,0.0034726235511212517,LOSS,False,2026-04-22 16:40:00,2026-04-22 20:21:00
LONG,78616.8,78434.45226192391,0.0023194500167406196,LOSS,False,2026-04-22 20:15:00,2026-04-22 20:22:00
LONG,78502.5,78767.65483630823,0.002251774031045503,WIN,False,2026-04-22 20:30:00,2026-04-22 21:57:00
LONG,77823.1,77660.77055434496,0.0020858774021473583,LOSS,False,2026-04-23 08:30:00,2026-04-23 09:04:00
LONG,77605.5,77439.24551117056,0.0021423029144768775,LOSS,False,2026-04-23 09:00:00,2026-04-23 09:09:00
SHORT,77680.0,77813.07545559254,0.0017131237846618708,LOSS,False,2026-04-24 10:50:00,2026-04-24 11:00:00
LONG,77974.0,77753.71246368121,0.00282514089720669,LOSS,False,2026-04-24 13:50:00,2026-04-24 14:03:00
LONG,77832.8,77574.89592292793,0.003313565451481673,LOSS,False,2026-04-24 14:10:00,2026-04-24 15:06:00
SHORT,77688.2,77504.28333615584,0.0015782462359719444,WIN,False,2026-04-24 20:55:00,2026-04-24 21:59:00
SHORT,77602.3,77665.82732827305,0.0008186268741140167,LOSS,False,2026-04-25 08:30:00,2026-04-25 09:39:00
SHORT,77341.6,77417.35192786885,0.000979446091997641,LOSS,False,2026-04-25 20:15:00,2026-04-25 20:56:00
SHORT,77396.6,77460.36381920491,0.0008238581437026882,LOSS,False,2026-04-25 20:50:00,2026-04-25 21:02:00
LONG,77933.8,77869.3734566365,0.0008266829458271461,LOSS,False,2026-04-26 12:10:00,2026-04-26 12:45:00
LONG,77930.6,77869.96817589013,0.0007780233195930319,LOSS,False,2026-04-26 12:30:00,2026-04-26 12:45:00
LONG,77798.8,77724.13705627937,0.0009596927423125617,LOSS,False,2026-04-26 12:45:00,2026-04-26 12:46:00
LONG,77803.0,77919.84840781023,0.0010012330956410982,WIN,False,2026-04-26 13:00:00,2026-04-26 13:33:00
SHORT,76903.0,77070.19312523268,0.0021740780623991183,LOSS,False,2026-04-27 20:00:00,2026-04-27 23:16:00
SHORT,76948.5,76716.83914450604,0.0020070640796026776,WIN,False,2026-04-27 20:20:00,2026-04-27 22:00:00
SHORT,76120.3,76300.82884500439,0.0023716255060002617,LOSS,False,2026-04-28 16:50:00,2026-04-28 19:44:00
SHORT,76289.4,76407.23210087347,0.001544540930633595,LOSS,False,2026-04-28 19:40:00,2026-04-28 20:04:00
SHORT,76402.6,76215.94945336394,0.0016286578959011598,WIN,False,2026-04-28 20:00:00,2026-04-28 22:50:00
LONG,77292.8,77135.3473029456,0.0020370939732342755,LOSS,False,2026-04-29 12:10:00,2026-04-29 12:20:00
LONG,77112.6,76930.21830341527,0.0023651348363916847,LOSS,False,2026-04-29 12:25:00,2026-04-29 13:24:00
SHORT,75722.5,75936.24553614527,0.0028227480094461053,LOSS,False,2026-04-29 20:40:00,2026-04-29 21:41:00
SHORT,76199.9,76333.3562674926,0.00175139688493841,LOSS,False,2026-04-30 12:15:00,2026-04-30 12:30:00
SHORT,76307.3,76106.610703527,0.0017533429215204378,WIN,False,2026-04-30 12:30:00,2026-04-30 13:30:00
LONG,77165.7,77305.89270265785,0.0012111832300088347,WIN,False,2026-05-01 09:45:00,2026-05-01 10:21:00
LONG,77134.7,77266.45751597722,0.001138765613722736,WIN,False,2026-05-01 10:10:00,2026-05-01 10:20:00
LONG,78257.8,78123.38360086117,0.0017176102463759733,LOSS,False,2026-05-01 20:10:00,2026-05-01 20:21:00
LONG,78112.1,77977.65428975655,0.0017211892938923843,LOSS,False,2026-05-01 20:25:00,2026-05-01 20:40:00
LONG,77956.0,77817.72610225771,0.0017737428516380524,LOSS,False,2026-05-01 20:40:00,2026-05-01 20:52:00
LONG,77838.2,78068.88114249626,0.0019757320741080726,WIN,False,2026-05-01 20:55:00,2026-05-01 21:32:00
LONG,78163.9,78265.9256791749,0.0008701858460228113,WIN,False,2026-05-02 08:00:00,2026-05-02 08:32:00
LONG,78135.8,78083.13916910569,0.0006739654664610114,LOSS,False,2026-05-02 11:10:00,2026-05-02 11:43:00
LONG,78059.8,78147.7965147877,0.0007515307903913724,WIN,False,2026-05-02 11:45:00,2026-05-02 12:25:00
LONG,78301.6,78385.14669215817,0.000711323839769759,WIN,False,2026-05-02 18:05:00,2026-05-02 18:31:00
LONG,78584.6,78699.40119123225,0.000973907451182007,WIN,False,2026-05-03 16:10:00,2026-05-03 16:35:00
LONG,78553.6,78672.61578414559,0.0010100600875968709,WIN,False,2026-05-03 17:00:00,2026-05-03 17:11:00
LONG,79606.8,79842.1861977594,0.0019712402940400796,WIN,False,2026-05-04 08:00:00,2026-05-04 09:43:00
LONG,79179.8,79482.02383482797,0.00254462068042574,WIN,True,2026-05-04 10:00:00,2026-05-04 10:01:00
LONG,80010.8,80343.56440950546,0.0027726624364498844,WIN,False,2026-05-04 18:50:00,2026-05-04 21:50:00
LONG,79939.4,80259.66938519572,0.0026709347763908737,WIN,False,2026-05-04 19:15:00,2026-05-04 21:24:00
LONG,80747.1,80632.95016255758,0.0014136710475351894,LOSS,False,2026-05-05 08:35:00,2026-05-05 09:13:00
LONG,80664.3,80548.40772354245,0.0014367232649085402,LOSS,False,2026-05-05 09:00:00,2026-05-05 09:37:00
LONG,80595.3,80487.48326115988,0.0013377546685738632,LOSS,False,2026-05-05 09:15:00,2026-05-05 09:52:00
LONG,81200.0,81524.30046952103,0.0026625654312071034,WIN,False,2026-05-05 16:30:00,2026-05-05 18:13:00
LONG,82055.4,81840.88475221558,0.0026142733785273686,LOSS,False,2026-05-06 13:00:00,2026-05-06 13:08:00
LONG,81980.0,81748.82292296561,0.0028199204322320835,LOSS,False,2026-05-06 13:15:00,2026-05-06 13:38:00
LONG,81820.1,81575.68429828252,0.002987232986973766,LOSS,False,2026-05-06 13:35:00,2026-05-06 13:47:00
LONG,81313.8,81581.34842543115,0.0021935466913868863,WIN,False,2026-05-06 18:30:00,2026-05-06 20:05:00
LONG,81213.2,81055.6588643163,0.001939846425010872,LOSS,False,2026-05-07 08:40:00,2026-05-07 09:21:00
LONG,81195.9,81050.09915266141,0.001795667605612873,LOSS,False,2026-05-07 08:55:00,2026-05-07 09:21:00
SHORT,80128.7,79817.21534976794,0.00259153628460261,WIN,False,2026-05-07 18:15:00,2026-05-07 20:58:00
SHORT,79673.3,79803.85810866224,0.0016386682698248342,LOSS,False,2026-05-08 08:00:00,2026-05-08 08:39:00
SHORT,79904.4,80022.68546174634,0.0014803372748729302,LOSS,False,2026-05-08 08:45:00,2026-05-08 09:27:00
SHORT,79942.6,79758.4688610369,0.001535527899293581,WIN,False,2026-05-08 09:05:00,2026-05-08 09:47:00
SHORT,79944.7,79770.48962744098,0.001452757323158076,WIN,False,2026-05-08 09:20:00,2026-05-08 09:46:00
SHORT,79969.9,79781.00308300603,0.0015747334684172549,WIN,False,2026-05-08 10:00:00,2026-05-08 10:09:00
SHORT,80007.1,80143.15578284698,0.0017005463620975222,LOSS,False,2026-05-08 10:35:00,2026-05-08 10:45:00
SHORT,80163.9,80299.51780426923,0.0016917565670986807,LOSS,False,2026-05-08 10:50:00,2026-05-08 12:30:00
SHORT,80217.7,79833.143229085,0.0031959427982851596,WIN,True,2026-05-08 14:20:00,2026-05-08 14:30:00
SHORT,80218.4,80428.81543222794,0.0026230320254199174,LOSS,False,2026-05-08 17:30:00,2026-05-09 02:10:00
SHORT,80223.0,79912.36038378018,0.0025814676274869006,WIN,False,2026-05-08 17:45:00,2026-05-08 19:04:00
SHORT,80195.7,80324.76186108048,0.0016093364242781233,LOSS,False,2026-05-08 20:10:00,2026-05-08 22:02:00
LONG,80765.5,80902.5920434842,0.0011316056441937133,WIN,False,2026-05-09 19:30:00,2026-05-09 19:54:00
LONG,80728.9,80643.53056629155,0.0010574829300095054,LOSS,False,2026-05-09 20:20:00,2026-05-09 22:32:00
LONG,81175.4,81373.20035908384,0.0016244688175962928,WIN,False,2026-05-10 19:00:00,2026-05-10 19:15:00
LONG,81146.6,81353.40837728813,0.00169905148860716,WIN,False,2026-05-10 20:10:00,2026-05-10 20:11:00
LONG,80933.1,80769.40294211222,0.002022621867786934,LOSS,False,2026-05-10 20:30:00,2026-05-10 20:44:00
SHORT,80796.4,80628.52255985972,0.0013851891102432008,WIN,False,2026-05-12 12:10:00,2026-05-12 12:30:00
SHORT,80786.1,80625.36407216174,0.0013264322108074383,WIN,False,2026-05-12 12:25:00,2026-05-12 12:30:00
SHORT,80462.8,80681.9564767813,0.0027236993589746083,LOSS,False,2026-05-12 17:30:00,2026-05-12 18:53:00
SHORT,80631.7,80796.5686250545,0.0020447122540453258,LOSS,False,2026-05-12 18:40:00,2026-05-12 19:13:00
SHORT,80696.2,80454.20645368408,0.00199921471986643,WIN,False,2026-05-12 19:00:00,2026-05-12 23:38:00
SHORT,80833.7,80633.4115015374,0.0016518564118892306,WIN,False,2026-05-12 20:00:00,2026-05-12 20:38:00
SHORT,79388.9,79548.07893777156,0.0020050528193685754,LOSS,False,2026-05-13 17:40:00,2026-05-13 18:01:00
SHORT,79470.1,79624.5408987916,0.001943383722829037,LOSS,False,2026-05-13 17:55:00,2026-05-13 18:19:00
SHORT,79565.1,79708.92941131385,0.0018076947218544953,LOSS,False,2026-05-13 18:10:00,2026-05-13 18:20:00
SHORT,79674.4,79471.64764677452,0.0016965077300066826,WIN,False,2026-05-13 20:15:00,2026-05-13 21:08:00
SHORT,79563.9,79722.41454631412,0.0019922923123943987,LOSS,False,2026-05-14 12:35:00,2026-05-14 12:57:00
SHORT,79680.7,79833.09971146214,0.0019126301784766126,LOSS,False,2026-05-14 12:50:00,2026-05-14 13:05:00
LONG,81128.3,81422.34719532548,0.0024163142029393295,WIN,False,2026-05-14 20:35:00,2026-05-14 20:53:00
SHORT,79420.0,79160.30479438929,0.002179931214729366,WIN,False,2026-05-15 17:30:00,2026-05-15 18:32:00
SHORT,79500.0,79262.85201174764,0.0019886623752817453,WIN,False,2026-05-15 18:00:00,2026-05-15 18:18:00
SHORT,78150.0,77928.15524846045,0.0018924696228581862,WIN,False,2026-05-16 11:35:00,2026-05-16 12:25:00
SHORT,78075.1,78194.9954622024,0.001535642761935574,LOSS,False,2026-05-16 14:30:00,2026-05-16 14:43:00
SHORT,78196.7,78263.15686105497,0.0008498678467885893,LOSS,False,2026-05-17 09:50:00,2026-05-17 09:57:00
SHORT,78329.0,78411.30848168286,0.0010508047042968136,LOSS,False,2026-05-17 10:05:00,2026-05-17 10:12:00
SHORT,78442.4,78298.2144001463,0.0012254053067702702,WIN,False,2026-05-17 12:40:00,2026-05-17 12:57:00
SHORT,78131.7,77993.2982454884,0.001180927028863654,WIN,False,2026-05-17 16:40:00,2026-05-17 16:59:00
SHORT,78150.0,77970.9719246974,0.0015272175329716076,WIN,False,2026-05-17 18:00:00,2026-05-17 18:21:00
SHORT,78226.2,78330.70351789605,0.0013359145388126376,LOSS,False,2026-05-17 18:55:00,2026-05-17 19:40:00
SHORT,78219.6,78318.19740481694,0.001260520442663087,LOSS,False,2026-05-17 19:10:00,2026-05-17 19:40:00
SHORT,78253.9,78343.933914583,0.0011505358146112732,LOSS,False,2026-05-17 19:35:00,2026-05-17 19:40:00
SHORT,77128.3,76903.93637079328,0.001939310898911125,WIN,False,2026-05-18 08:00:00,2026-05-18 08:31:00
SHORT,76916.5,77037.33148202136,0.0015709435819540392,LOSS,False,2026-05-18 11:30:00,2026-05-18 11:39:00
SHORT,77258.5,77418.63797959218,0.0020727554844086073,LOSS,False,2026-05-18 11:45:00,2026-05-18 12:01:00
SHORT,76627.1,76268.38117553672,0.0031209047840193077,WIN,False,2026-05-18 17:15:00,2026-05-18 18:20:00
SHORT,76682.5,76383.48450448905,0.0025995978701002422,WIN,False,2026-05-18 17:50:00,2026-05-18 18:15:00
SHORT,76744.1,76366.45038305523,0.003280596310289873,WIN,False,2026-05-18 19:00:00,2026-05-18 19:01:00
SHORT,76861.0,77099.85262377677,0.0031075919357901635,LOSS,False,2026-05-18 19:40:00,2026-05-18 20:28:00
SHORT,76929.9,76760.81253247181,0.0014652947469334986,WIN,False,2026-05-19 12:50:00,2026-05-19 13:07:00
SHORT,76726.0,76917.30465708669,0.0024933485009863404,LOSS,False,2026-05-19 16:30:00,2026-05-19 17:04:00
SHORT,76758.2,76945.26877974469,0.002437117855091596,LOSS,False,2026-05-19 16:45:00,2026-05-19 17:16:00
SHORT,76939.8,76669.70143453038,0.0023403454429707354,WIN,False,2026-05-19 17:00:00,2026-05-19 22:15:00
SHORT,76981.0,76732.05943938164,0.002155861494986653,WIN,False,2026-05-19 17:15:00,2026-05-19 17:34:00
SHORT,77021.4,76809.03414718178,0.0018381545286392763,WIN,False,2026-05-19 19:10:00,2026-05-19 19:25:00
SHORT,76986.5,76837.69044673447,0.001288620327507861,WIN,False,2026-05-19 20:50:00,2026-05-19 22:00:00
LONG,77399.0,77317.5508529019,0.0010523281579620954,LOSS,False,2026-05-20 11:35:00,2026-05-20 11:42:00
LONG,77344.0,77473.71434557647,0.0011180729000867416,WIN,False,2026-05-20 11:50:00,2026-05-20 12:26:00
LONG,77274.0,77159.97028528937,0.0014756543560657505,LOSS,False,2026-05-20 13:25:00,2026-05-20 13:33:00
LONG,77195.9,76980.84353829926,0.0027858534157997592,LOSS,False,2026-05-20 16:20:00,2026-05-20 16:29:00
LONG,77335.3,77556.6890011009,0.001908477337006396,WIN,False,2026-05-20 19:00:00,2026-05-20 19:30:00
LONG,77759.9,77648.5715453191,0.0014316949312035978,LOSS,False,2026-05-21 09:30:00,2026-05-21 09:39:00
LONG,77677.0,77566.09425476169,0.0014277810064538318,LOSS,False,2026-05-21 09:45:00,2026-05-21 10:25:00
LONG,77617.2,77510.4100319648,0.0013758544244728685,LOSS,False,2026-05-21 10:00:00,2026-05-21 10:25:00
SHORT,77371.2,77455.84060150957,0.0010939548760981767,LOSS,False,2026-05-22 11:45:00,2026-05-22 12:12:00
SHORT,77401.3,77484.22308728735,0.001071339722812922,LOSS,False,2026-05-22 12:00:00,2026-05-22 12:12:00
SHORT,74790.3,74675.34432614082,0.0010246932544209061,WIN,False,2026-05-23 11:15:00,2026-05-23 12:14:00
SHORT,74915.1,74992.67587157713,0.0010355171597864104,LOSS,False,2026-05-23 13:00:00,2026-05-23 13:15:00
SHORT,74910.5,74995.72235417453,0.001137655658079088,LOSS,False,2026-05-23 13:15:00,2026-05-23 13:21:00
SHORT,75659.7,75777.61991058273,0.001558556412234542,LOSS,False,2026-05-23 18:10:00,2026-05-23 18:20:00
LONG,76722.8,76846.37800936053,0.0010738051736080172,WIN,False,2026-05-24 08:05:00,2026-05-24 09:07:00
LONG,77012.9,76915.66710620084,0.0012625533358586944,LOSS,False,2026-05-24 13:10:00,2026-05-24 13:29:00
LONG,76927.0,76822.33499720236,0.0013605756470113648,LOSS,False,2026-05-24 13:25:00,2026-05-24 13:53:00
LONG,76737.4,76614.35576622882,0.0016034454356176966,LOSS,False,2026-05-24 13:50:00,2026-05-24 14:11:00
LONG,77413.9,77326.51887618378,0.001128752379304151,LOSS,False,2026-05-25 11:10:00,2026-05-25 11:52:00
LONG,77381.6,77302.39758417485,0.0010235303460403341,LOSS,False,2026-05-25 11:25:00,2026-05-25 11:58:00
LONG,77318.2,77452.77114891805,0.001160323174604505,WIN,False,2026-05-25 11:55:00,2026-05-25 14:05:00
LONG,77409.2,77322.17118264195,0.001124269690915901,LOSS,False,2026-05-25 19:00:00,2026-05-25 19:39:00
LONG,77394.4,77303.35338250149,0.001176398001644832,LOSS,False,2026-05-25 19:30:00,2026-05-25 20:35:00
LONG,77305.5,77213.11681520627,0.001195040259667534,LOSS,False,2026-05-25 20:35:00,2026-05-25 20:42:00
SHORT,76860.1,76974.86925296654,0.0014932227900633073,LOSS,False,2026-05-26 10:15:00,2026-05-26 10:25:00
SHORT,75951.1,75806.0631011084,0.0012730726207748528,WIN,False,2026-05-27 08:00:00,2026-05-27 08:56:00
SHORT,76010.2,75859.38236774455,0.0013227841548937448,WIN,False,2026-05-27 08:25:00,2026-05-27 08:53:00
SHORT,75971.9,75827.80058512448,0.001264497486355814,WIN,False,2026-05-27 10:20:00,2026-05-27 11:30:00
SHORT,75365.1,75002.3346080432,0.003208960044342514,WIN,True,2026-05-27 15:20:00,2026-05-27 16:35:00
SHORT,75024.3,75186.8254691014,0.0021663043720686966,LOSS,False,2026-05-27 19:00:00,2026-05-27 20:06:00
SHORT,75138.5,75283.12814152915,0.0019248207181289628,LOSS,False,2026-05-27 20:00:00,2026-05-27 20:15:00
SHORT,75362.7,75143.80261829108,0.0019363901214518799,WIN,False,2026-05-27 20:15:00,2026-05-27 21:08:00
